Name,Ap1,Cp1,Dp1,Ep1,Fp1,Gp1,Hp1,Ip1,Kp1,Lp1,Mp1,Np1,Pp1,Qp1,Rp1,Sp1,Tp1,Vp1,Wp1,Yp1,Ap2,Cp2,Dp2,Ep2,Fp2,Gp2,Hp2,Ip2,Kp2,Lp2,Mp2,Np2,Pp2,Qp2,Rp2,Sp2,Tp2,Vp2,Wp2,Yp2,Ap3,Cp3,Dp3,Ep3,Fp3,Gp3,Hp3,Ip3,Kp3,Lp3,Mp3,Np3,Pp3,Qp3,Rp3,Sp3,Tp3,Vp3,Wp3,Yp3,Ap4,Cp4,Dp4,Ep4,Fp4,Gp4,Hp4,Ip4,Kp4,Lp4,Mp4,Np4,Pp4,Qp4,Rp4,Sp4,Tp4,Vp4,Wp4,Yp4,Ap5,Cp5,Dp5,Ep5,Fp5,Gp5,Hp5,Ip5,Kp5,Lp5,Mp5,Np5,Pp5,Qp5,Rp5,Sp5,Tp5,Vp5,Wp5,Yp5
sp|P30041|PRDX6_HUMAN,2,0,4,1,5,6,2,2,0,5,1,2,4,0,3,2,3,2,1,0,7,1,3,3,1,1,1,3,4,5,0,3,1,0,2,3,2,3,1,1,3,1,4,6,2,2,0,3,3,5,2,1,5,0,3,0,2,3,0,0,3,0,3,2,2,2,0,3,4,6,0,1,3,1,3,2,4,5,0,1,1,0,2,4,2,3,0,1,7,4,1,0,6,1,1,2,3,3,1,2
sp|P06733|ENOA_HUMAN,8,0,4,6,3,6,2,6,8,7,2,4,3,1,5,7,6,7,0,2,10,1,3,6,3,10,2,7,7,8,4,6,4,1,1,4,1,8,0,1,10,0,6,8,5,10,1,5,9,6,2,6,1,0,3,2,3,6,0,4,6,2,11,2,3,4,0,6,8,6,0,4,6,5,2,7,3,7,2,3,9,3,2,7,3,8,1,3,6,9,1,4,2,4,6,6,5,5,1,1
sp|P13716|HEM2_HUMAN,4,0,3,2,2,3,2,4,1,8,2,2,6,4,4,4,6,5,1,3,5,5,3,6,2,4,3,3,2,8,0,1,6,0,4,5,2,6,0,1,12,1,2,6,1,6,1,1,2,6,4,2,1,2,5,6,0,6,0,2,8,2,6,2,4,6,0,1,3,5,3,0,6,1,8,3,0,5,0,3,11,0,4,4,3,4,3,3,4,8,2,0,3,3,2,1,3,3,2,3
sp|P09960|LKHA4_HUMAN,7,3,5,10,2,4,2,8,7,14,2,3,6,7,6,14,11,9,1,2,9,4,4,13,3,4,2,9,9,10,2,0,10,6,5,11,7,9,1,5,3,2,5,7,8,14,7,3,5,15,1,7,7,2,3,6,10,9,5,4,8,1,13,5,8,5,0,6,9,16,1,6,7,3,1,8,7,6,4,9,11,1,7,6,6,3,5,5,10,14,5,5,5,8,8,6,5,5,2,2
sp|O60568|PLOD3_HUMAN,10,1,7,12,8,13,0,4,7,19,4,2,10,2,12,11,8,10,4,4,4,2,11,5,7,17,3,6,7,17,0,11,10,8,11,3,8,9,2,7,11,2,11,12,10,4,5,4,3,21,3,5,12,6,10,8,4,9,3,5,5,3,12,13,7,9,6,6,4,13,4,4,8,9,9,9,4,11,5,7,5,2,8,7,5,14,9,3,4,14,4,4,10,4,12,8,10,11,3,9
sp|P00558|PGK1_HUMAN,4,1,6,2,2,4,1,3,9,8,5,7,6,2,4,6,2,11,0,1,10,2,5,8,4,8,1,2,10,10,0,4,3,0,2,5,1,8,0,1,9,0,2,5,5,8,2,5,8,10,6,7,3,2,2,3,1,5,0,1,10,1,6,6,3,8,0,5,10,4,2,2,3,2,1,5,6,7,2,1,8,3,4,6,2,12,1,4,5,6,1,3,2,0,2,5,7,8,2,0
sp|P19971|TYPH_HUMAN,13,0,5,6,2,13,0,4,2,10,6,1,9,6,6,6,4,4,0,0,7,4,4,5,1,13,2,4,4,11,2,1,6,10,2,7,3,9,2,0,16,1,5,6,2,9,1,3,5,15,1,1,3,2,4,5,5,12,0,1,18,2,7,5,1,13,1,0,0,16,2,0,6,5,9,4,4,3,1,0,12,0,3,6,2,9,2,0,0,18,0,0,10,5,11,5,1,9,1,0
sp|P47992|XCL1_HUMAN,2,1,0,1,0,3,0,3,0,6,1,0,0,0,1,1,1,2,0,1,0,1,1,1,0,0,0,1,2,2,0,0,1,1,3,4,3,3,0,0,1,1,0,1,1,2,0,3,2,2,0,0,0,0,2,1,4,2,0,1,2,0,3,0,0,0,0,0,1,0,1,2,1,1,4,2,2,3,1,0,1,0,0,0,0,2,0,1,1,1,1,2,1,3,0,1,7,1,0,0
sp|P15336|ATF2_HUMAN,7,3,6,8,8,4,5,1,10,8,3,7,6,3,4,5,6,5,1,1,7,0,6,6,0,0,2,8,4,8,1,1,14,7,2,15,11,9,0,0,7,0,1,1,1,8,4,4,3,8,3,4,19,5,3,10,6,14,0,0,9,1,3,10,1,2,1,0,6,8,0,4,6,10,14,12,10,3,1,0,11,1,6,4,0,3,4,3,6,6,3,1,6,9,0,21,8,8,0,1
sp|P32856|STX2_HUMAN,1,1,9,5,3,1,3,3,5,2,2,3,1,2,4,2,3,7,0,1,4,0,4,7,1,2,0,7,8,5,0,4,2,2,5,4,2,1,0,0,3,0,2,9,2,3,1,2,3,5,2,1,1,4,6,5,6,2,0,1,2,0,4,7,3,1,2,9,2,3,6,3,0,3,3,5,4,1,0,0,7,0,1,4,0,2,1,8,8,3,1,2,0,1,3,3,2,7,1,2
sp|P27797|CALR_HUMAN,6,0,6,6,8,8,1,1,7,12,1,0,3,3,2,9,2,4,2,3,0,3,8,3,5,9,3,6,9,4,2,7,3,4,1,3,4,7,0,3,3,0,17,8,1,1,2,5,10,4,0,2,11,1,2,5,4,3,3,2,1,0,10,9,3,6,1,7,4,4,1,6,9,3,1,3,3,3,5,5,6,0,14,28,1,3,0,0,12,2,1,1,1,4,2,0,2,2,1,1
sp|P28482|MK01_HUMAN,10,2,2,4,2,7,1,4,3,2,3,3,3,3,5,3,3,7,0,5,2,1,5,3,2,2,4,11,5,10,2,4,1,4,4,2,3,2,0,5,4,3,7,2,2,4,3,4,4,9,1,3,3,0,4,4,6,4,2,3,4,1,4,2,2,3,3,6,5,13,1,8,6,2,3,5,0,1,1,2,5,0,6,10,5,1,2,3,6,9,2,1,7,3,3,2,2,1,0,4
sp|P40429|RL13A_HUMAN,4,1,1,2,0,5,1,2,2,7,1,0,0,2,4,0,0,9,0,0,2,0,0,0,4,2,1,2,3,3,1,5,3,0,7,3,1,0,1,3,4,0,3,0,1,3,1,1,6,3,2,0,5,1,4,0,2,4,0,1,5,0,0,4,1,2,1,0,7,5,0,0,1,1,4,0,3,4,1,2,1,0,1,3,0,1,2,2,10,5,1,1,0,2,3,0,2,3,0,2
sp|P07814|SYEP_HUMAN,26,3,17,25,13,16,11,12,25,30,7,12,10,12,8,19,20,24,5,8,15,5,16,23,10,17,6,20,30,19,8,20,17,9,17,14,15,22,9,11,22,7,14,30,5,14,4,13,36,26,2,12,24,12,7,25,17,21,1,11,26,3,13,33,9,17,5,14,35,22,4,8,15,20,11,17,12,20,8,11,21,10,17,21,13,23,5,20,22,22,8,11,15,12,16,14,19,20,4,7
sp|P62277|RS13_HUMAN,2,0,1,0,0,3,1,0,2,4,2,0,3,1,3,4,2,1,1,1,2,0,2,1,0,3,1,3,4,3,0,0,1,3,1,2,1,3,0,1,1,0,2,1,1,2,1,3,4,6,0,1,2,0,2,1,1,2,0,1,3,0,2,2,1,0,2,3,5,3,0,1,0,0,6,1,0,2,0,0,4,0,0,1,0,0,0,0,3,3,0,1,2,0,2,3,2,2,1,3
sp|P62913|RL11_HUMAN,2,2,2,4,0,3,0,2,2,4,2,2,1,2,5,1,1,1,0,0,3,1,0,2,2,2,1,2,3,2,0,1,1,2,4,2,3,4,0,1,2,0,1,5,3,5,0,1,4,3,0,3,0,0,3,1,2,2,0,1,1,0,4,1,2,5,1,6,2,3,0,0,2,1,1,2,0,2,0,3,2,1,1,2,1,4,1,4,5,1,1,0,1,2,4,1,1,0,1,1
sp|P46777|RL5_HUMAN,2,0,3,1,3,2,0,3,10,1,2,4,1,2,10,0,3,7,0,6,9,3,2,3,1,5,1,5,3,7,2,2,1,1,4,0,2,3,0,6,5,1,4,3,3,10,1,2,3,4,0,2,2,2,2,3,6,5,0,2,3,0,5,8,2,2,2,2,5,1,6,3,2,3,2,4,1,3,0,6,9,0,1,5,1,0,1,1,14,2,1,2,3,3,6,3,0,3,1,1
sp|P62081|RS7_HUMAN,3,0,2,5,2,2,0,2,4,4,2,2,2,2,0,6,0,1,0,0,3,0,0,3,2,3,0,6,4,3,0,1,2,3,3,1,1,4,0,0,1,0,0,2,2,1,1,2,8,3,0,1,3,2,6,2,2,3,0,0,2,0,3,2,1,2,1,4,3,5,0,0,1,0,5,3,2,5,0,0,1,0,2,4,4,2,2,0,5,3,0,3,1,3,0,1,2,4,0,1
sp|P61254|RL26_HUMAN,1,0,1,0,3,0,2,2,4,0,1,3,2,0,5,3,1,1,0,0,0,0,2,2,0,0,0,1,3,2,2,1,2,2,3,4,0,4,0,1,0,0,0,1,0,3,1,3,4,0,0,0,0,4,4,0,0,5,0,4,1,0,2,1,0,2,2,2,5,2,0,1,1,0,2,1,3,4,0,0,1,0,0,6,0,2,0,2,8,1,1,0,0,2,2,1,1,1,0,1
sp|P19338|NUCL_HUMAN,26,0,6,11,0,12,0,2,31,2,3,3,14,2,0,6,11,13,0,0,15,0,44,47,0,2,0,1,11,0,3,1,6,0,1,4,2,5,0,0,14,0,10,15,8,9,0,4,21,14,1,7,5,3,5,5,8,11,0,2,11,1,4,18,7,13,0,8,14,8,0,8,3,7,7,14,9,3,1,6,6,0,9,12,11,42,1,2,13,4,1,2,3,2,13,7,8,5,1,0
sp|P62829|RL23_HUMAN,2,1,0,0,1,6,0,2,2,2,1,1,1,0,3,4,0,2,0,0,4,0,1,0,0,4,0,3,3,3,0,3,1,0,2,1,1,1,0,1,2,0,1,1,0,2,1,1,5,1,2,0,2,1,2,0,1,6,0,0,1,0,2,2,2,3,0,1,3,1,1,3,0,0,3,1,0,3,0,2,6,1,1,1,0,3,0,3,2,1,0,1,2,0,1,3,1,1,1,0
sp|Q9H211|CDT1_HUMAN,17,2,4,3,2,5,1,3,5,4,1,0,23,4,18,10,5,3,0,0,15,3,4,10,3,7,2,2,4,11,3,1,8,8,8,7,6,5,0,3,8,1,5,9,5,4,3,3,5,10,3,1,6,10,13,7,6,8,0,3,19,0,3,7,1,2,1,3,5,12,2,2,17,7,9,9,6,4,1,0,10,4,4,11,1,3,4,3,4,18,4,0,5,4,11,7,5,6,1,1
sp|P00374|DYR_HUMAN,1,1,1,1,2,4,0,2,1,3,3,4,3,2,3,2,0,3,1,1,0,0,0,2,1,3,0,3,5,4,1,3,2,1,2,3,4,3,1,0,3,0,3,4,1,1,1,0,3,6,1,1,3,2,2,3,1,2,1,0,1,0,2,3,4,3,2,3,2,2,2,1,2,1,1,3,2,3,0,1,0,0,3,6,1,2,0,1,6,4,0,1,2,1,0,1,0,3,0,4
sp|P34896|GLYC_HUMAN,7,2,6,9,2,7,2,4,6,10,3,6,3,4,4,8,3,5,1,5,7,1,6,4,5,8,4,4,6,8,3,5,7,4,3,5,5,5,1,6,9,3,3,5,2,8,4,6,7,9,3,3,4,0,6,6,7,7,0,5,12,3,3,5,2,10,4,5,6,10,1,6,2,4,3,5,5,9,0,2,9,1,5,7,6,8,2,3,5,14,0,0,6,5,8,6,5,4,0,1
sp|Q9NQX3|GEPH_HUMAN,8,3,9,12,2,14,2,13,7,18,6,6,8,2,7,8,12,9,1,1,13,4,9,13,2,4,4,8,10,10,0,0,17,7,6,22,11,8,0,0,14,1,12,11,4,12,2,9,4,8,6,3,11,6,10,7,11,14,0,3,8,1,12,9,1,16,4,13,6,17,3,8,8,4,7,7,8,14,0,2,7,3,6,5,5,9,5,9,7,16,7,4,13,6,10,7,8,13,2,2
sp|P21399|ACOC_HUMAN,12,2,13,11,13,8,6,13,12,15,3,12,13,8,12,7,2,13,2,1,11,1,13,8,9,18,3,11,7,15,6,3,10,9,6,7,12,19,1,9,12,6,9,7,6,19,4,6,11,15,5,6,11,7,1,14,11,22,0,6,14,0,8,10,9,9,2,12,9,14,1,14,14,6,11,12,11,11,3,8,17,0,8,10,7,17,2,12,10,21,6,9,8,8,11,5,8,10,1,7
sp|Q9P2J5|SYLC_HUMAN,13,6,13,22,15,15,4,12,31,18,5,5,10,7,12,13,11,10,5,9,13,4,15,15,8,19,1,15,22,22,7,7,16,9,8,12,14,18,1,10,13,5,14,20,9,14,6,8,18,22,7,7,10,17,7,12,12,14,9,12,22,3,13,16,12,11,7,9,18,26,11,11,9,7,9,13,13,14,5,7,7,3,13,20,8,12,7,18,22,24,10,13,15,4,12,13,8,18,1,4
sp|P47897|SYQ_HUMAN,18,1,6,13,4,8,4,8,5,22,3,3,5,8,12,13,10,8,0,4,11,1,8,14,7,12,6,6,16,16,4,10,8,5,7,1,10,9,1,3,11,6,9,12,6,8,7,5,10,13,6,1,7,3,11,7,11,7,4,11,16,4,9,7,10,5,3,7,5,15,2,7,11,5,12,4,10,16,3,4,9,4,9,13,9,12,6,2,10,16,1,3,12,6,8,8,5,17,2,3
sp|P23381|SYWC_HUMAN,13,1,7,8,2,5,1,2,6,7,3,5,8,2,1,11,5,5,1,2,3,0,6,4,8,7,5,8,7,7,2,4,5,3,8,5,3,5,1,4,6,2,10,2,8,6,1,10,9,5,3,4,1,5,0,6,5,6,1,5,9,2,7,0,8,4,2,7,6,5,2,3,9,6,5,9,7,2,0,2,4,1,9,10,7,4,2,5,7,9,3,1,2,5,6,3,6,5,0,2
sp|Q8N3Y7|RDHE2_HUMAN,6,0,0,2,6,6,0,4,5,13,2,2,2,2,3,6,1,2,0,0,5,3,4,6,0,5,1,3,5,4,1,3,0,2,3,3,3,8,1,2,6,2,4,2,4,6,3,3,5,6,2,4,2,0,0,5,2,4,1,1,5,4,1,4,8,5,0,4,6,4,1,0,4,2,0,3,6,4,0,1,4,0,3,3,4,3,1,4,8,12,5,0,2,2,0,1,1,3,0,5
sp|P02730|B3AT_HUMAN,13,0,13,28,4,10,8,3,5,26,6,5,7,10,10,7,11,9,4,4,14,2,9,16,8,13,4,5,3,30,2,1,17,11,11,16,6,11,0,4,11,1,6,9,20,16,1,17,3,27,1,2,8,9,8,12,8,15,2,7,10,0,5,3,15,14,2,11,10,25,10,5,12,5,7,15,9,18,3,4,15,2,8,9,8,9,3,13,8,28,5,2,12,6,9,8,9,19,2,4
sp|Q9Y3E5|PTH2_HUMAN,3,3,0,1,0,4,1,0,1,6,3,0,2,0,1,4,1,4,1,1,1,0,2,3,1,3,1,2,4,3,2,0,1,0,1,5,4,2,0,1,5,1,1,1,0,2,1,1,5,2,2,2,1,4,2,2,0,2,1,1,4,1,1,3,0,2,1,2,3,6,1,0,2,2,0,1,2,4,0,1,3,0,3,0,0,6,1,3,2,4,0,0,3,2,1,1,3,2,0,1
sp|P13569|CFTR_HUMAN,20,4,9,19,15,16,4,25,19,48,12,9,8,12,20,21,7,13,6,9,18,5,12,21,24,22,1,23,20,28,5,13,6,10,13,24,16,19,4,12,13,3,12,25,13,12,6,21,18,35,6,14,11,14,17,30,22,15,4,5,18,0,9,7,21,15,8,28,13,39,10,10,10,11,12,23,25,23,4,10,14,6,16,21,12,19,6,22,22,33,4,8,10,20,16,25,13,20,5,4
sp|P08183|MDR1_HUMAN,23,1,15,13,19,23,4,18,19,23,12,13,3,5,9,14,13,16,5,8,24,1,8,17,13,21,2,24,18,19,3,14,6,9,12,19,13,21,1,11,22,1,15,17,12,16,3,23,17,25,5,10,7,9,18,21,13,18,2,2,28,1,8,11,19,18,4,22,15,24,10,6,5,12,10,18,17,17,2,9,20,3,10,17,7,21,6,17,16,28,2,10,8,18,14,16,13,24,1,5
sp|P62263|RS14_HUMAN,2,1,0,5,1,4,0,1,4,1,1,1,2,2,1,1,0,4,0,0,1,1,2,1,3,3,2,2,2,1,1,1,0,0,1,2,4,4,0,0,7,1,3,2,0,1,0,1,2,3,1,0,1,2,2,2,1,1,0,1,5,0,0,0,0,5,1,1,2,3,1,1,2,1,4,2,3,0,0,0,0,0,2,1,0,4,0,3,2,1,0,0,2,0,7,2,2,1,0,0
sp|Q7L0Y3|TM10C_HUMAN,3,1,1,6,6,0,1,2,7,7,4,4,6,2,5,9,8,6,1,2,8,1,2,13,1,1,1,4,14,7,3,2,2,1,5,4,5,3,1,3,4,0,5,7,5,4,1,3,6,9,5,6,2,6,5,2,3,3,3,2,3,1,7,3,4,3,3,4,8,9,2,2,3,2,3,7,6,6,1,4,4,2,2,5,3,3,2,5,10,13,1,7,2,6,4,2,4,1,2,1
sp|P49407|ARRB1_HUMAN,3,1,10,3,5,7,1,1,7,10,1,2,3,0,7,1,5,13,0,4,5,3,3,9,4,4,2,4,8,8,0,3,10,3,4,3,4,5,0,2,5,2,3,5,2,2,3,5,8,5,1,5,7,5,4,4,7,6,0,5,7,1,4,6,2,7,1,3,7,12,1,4,2,0,5,6,6,8,0,2,3,0,11,12,3,3,2,2,5,7,2,5,8,2,4,3,5,5,0,0
sp|Q13492|PICAL_HUMAN,6,2,5,4,6,6,5,7,7,13,5,8,2,6,7,14,13,8,1,6,10,1,8,8,9,7,0,9,13,13,6,11,1,5,7,3,7,9,0,4,18,0,7,9,1,4,2,5,11,18,1,3,7,5,4,21,12,3,0,0,8,0,10,3,9,9,5,3,3,9,2,6,12,6,1,18,13,13,1,0,10,0,4,1,2,13,0,5,6,9,7,8,19,7,1,9,11,10,3,3
sp|P27487|DPP4_HUMAN,7,0,10,8,5,6,3,10,9,19,1,12,4,5,6,11,13,8,4,13,11,1,8,8,6,6,2,10,6,9,1,9,10,4,2,13,14,15,7,12,2,7,8,11,6,10,3,13,7,10,3,7,4,6,10,15,9,6,4,13,10,2,10,7,7,9,3,8,13,17,5,7,7,8,7,11,6,7,2,8,10,2,10,6,7,12,8,8,5,7,5,5,4,7,5,14,8,13,4,10
sp|Q14152|EIF3A_HUMAN,18,5,15,23,8,4,9,11,23,36,9,14,10,21,16,17,9,14,4,11,17,2,12,20,8,6,8,16,11,38,7,11,14,22,21,17,16,22,3,6,15,0,10,66,5,1,4,15,34,27,7,5,2,22,40,5,7,5,1,6,9,0,53,34,1,29,2,2,8,9,5,3,20,2,72,13,3,3,8,1,9,0,51,36,2,15,0,1,10,8,1,5,22,1,76,16,4,6,11,0
sp|Q04637|IF4G1_HUMAN,30,0,6,15,6,28,3,14,4,9,8,6,62,28,15,32,25,17,0,12,34,1,10,57,6,15,4,10,17,21,4,11,47,12,6,29,12,19,2,3,21,7,22,29,13,19,2,14,33,35,9,12,19,12,27,11,21,11,1,2,24,1,20,28,6,27,4,14,24,25,5,7,21,13,37,33,13,14,3,1,29,4,12,38,10,19,6,12,18,49,6,6,13,19,13,18,11,20,6,10
sp|O15371|EIF3D_HUMAN,8,1,9,4,7,8,1,1,7,3,4,4,6,10,10,7,7,4,2,7,3,2,7,11,5,2,0,5,13,8,4,2,5,11,12,8,2,5,2,3,7,2,9,4,7,3,2,5,5,8,3,8,4,5,7,9,11,8,1,2,7,4,10,7,3,7,2,6,7,7,2,10,3,2,9,5,4,7,4,4,3,2,6,21,3,6,2,7,7,10,1,4,3,4,4,9,3,7,1,5
sp|O75821|EIF3G_HUMAN,3,1,6,8,1,6,0,3,4,6,1,2,10,1,0,4,4,3,1,0,4,0,5,4,4,3,0,3,10,0,1,3,3,0,5,4,7,6,1,1,1,4,4,7,1,5,1,3,7,6,2,2,3,4,2,3,6,1,1,1,4,0,5,6,0,4,0,1,4,5,1,4,5,4,7,4,6,3,0,1,7,0,3,3,6,6,2,5,4,4,0,2,2,1,5,6,3,2,1,2
sp|P13639|EF2_HUMAN,15,4,13,11,6,8,3,14,10,15,6,7,3,6,10,12,12,16,0,1,12,1,10,14,11,16,1,10,21,15,7,5,8,5,6,7,7,9,3,4,10,3,9,8,6,15,3,10,12,13,10,4,15,4,8,8,10,17,0,7,13,5,11,18,3,11,4,12,16,16,2,5,9,5,8,10,5,11,3,5,12,4,9,11,9,16,5,8,6,14,3,6,11,9,12,7,7,16,1,4
sp|Q13825|AUHM_HUMAN,19,2,0,0,0,12,1,1,1,7,1,0,7,1,5,4,0,3,3,1,3,0,3,7,0,4,1,7,8,7,2,4,1,0,6,6,2,6,0,1,13,2,4,3,2,6,0,6,4,7,1,2,3,0,3,6,1,5,0,0,9,0,2,5,1,9,1,5,5,9,2,1,2,3,4,3,2,4,0,1,8,1,3,7,2,5,0,3,5,8,2,1,5,3,5,0,3,4,0,2
sp|P42566|EPS15_HUMAN,18,1,15,6,6,13,2,7,12,27,2,7,11,5,5,17,6,13,3,4,12,3,15,14,8,6,3,11,18,21,4,5,14,5,5,13,7,12,2,2,11,3,8,28,0,2,3,5,12,24,4,8,2,26,5,21,9,6,1,2,12,2,19,14,17,11,4,3,6,7,0,10,17,4,3,26,13,12,0,0,12,2,12,21,11,6,0,7,12,10,1,11,20,5,7,20,11,6,1,1
sp|P09467|F16P1_HUMAN,9,1,3,3,2,7,1,3,3,6,2,3,1,2,4,4,8,5,0,1,2,3,7,4,2,3,1,4,6,7,2,3,2,1,1,7,2,10,0,1,7,2,6,3,3,6,0,4,6,7,3,2,3,1,2,3,2,5,0,3,6,0,4,2,3,6,1,3,7,3,1,3,6,1,4,4,2,5,0,7,6,1,4,5,1,5,2,3,5,7,3,2,4,2,2,2,3,6,0,3
sp|P21266|GSTM3_HUMAN,3,2,3,5,1,3,1,2,1,5,2,0,1,0,3,4,3,1,1,4,2,0,5,0,2,1,1,3,5,7,1,4,2,2,3,2,1,1,1,2,0,2,3,8,1,1,1,4,3,5,1,1,1,3,3,2,2,2,0,2,1,1,5,1,7,3,0,2,4,6,1,1,2,3,1,2,2,1,1,1,5,3,1,3,4,1,0,2,5,3,3,4,3,3,1,1,0,1,1,1
sp|P41250|GARS_HUMAN,22,1,10,7,3,7,0,3,10,25,3,0,12,5,16,10,1,10,0,3,6,4,10,9,9,10,4,7,13,15,6,9,8,8,2,8,6,10,1,3,12,2,6,10,10,10,5,9,8,13,4,8,6,8,11,8,4,8,0,6,9,5,6,17,6,8,2,9,15,10,5,4,6,3,4,6,11,13,2,7,10,1,10,14,10,9,4,8,6,8,2,4,7,6,11,11,11,12,1,2
sp|P55084|ECHB_HUMAN,9,1,3,0,3,3,2,3,8,13,2,3,8,2,7,8,10,7,1,2,11,2,5,4,2,8,2,7,6,6,5,3,2,3,4,6,7,11,0,1,10,0,6,6,6,5,2,2,6,10,2,2,5,3,6,13,4,6,0,1,13,0,6,6,5,5,1,3,9,11,6,2,6,3,1,4,6,3,0,5,14,2,2,4,5,14,2,2,6,8,4,5,4,3,4,4,2,4,2,3
sp|Q9H8X2|IPPK_HUMAN,2,2,2,13,6,7,4,3,9,9,3,6,4,6,4,4,1,10,1,3,4,7,5,3,4,4,6,4,11,10,4,2,5,4,6,5,5,4,1,5,8,3,3,5,4,10,4,4,5,12,0,4,8,3,6,9,3,6,1,1,3,2,7,9,4,6,0,2,6,16,1,2,5,7,7,4,6,5,0,7,7,3,8,3,3,1,2,4,8,8,3,2,5,3,5,13,4,9,0,4
sp|Q5BJF6|ODFP2_HUMAN,7,6,7,12,2,12,3,2,19,10,8,5,12,3,12,20,8,15,2,1,13,4,9,26,2,3,5,5,19,27,6,4,0,14,9,4,12,4,0,0,12,1,9,24,0,4,4,5,17,20,5,6,0,14,14,13,5,9,1,3,17,2,11,20,3,3,3,9,18,19,5,8,2,17,9,9,3,4,0,4,13,1,9,18,4,3,2,6,10,18,1,5,4,15,19,18,10,5,0,4
sp|Q9H307|PININ_HUMAN,9,0,12,11,1,15,0,3,10,14,2,5,7,9,22,11,5,8,0,0,9,1,0,25,6,4,2,9,14,13,4,5,4,15,17,2,7,4,1,2,7,0,5,49,1,3,4,4,11,3,7,6,3,12,4,7,3,15,0,0,4,1,4,19,1,3,2,1,13,12,1,2,19,17,8,18,8,11,0,0,0,0,10,4,0,10,3,1,12,1,0,2,0,0,26,66,5,1,0,0
sp|P14618|KPYM_HUMAN,11,2,4,7,4,5,6,9,4,6,5,4,6,3,6,9,11,3,0,2,7,2,7,8,1,13,0,7,13,12,1,5,2,2,1,5,6,11,1,3,9,1,9,10,5,9,2,11,10,6,4,3,2,3,7,5,0,11,0,0,17,4,5,10,2,6,2,7,5,9,4,1,6,3,6,6,6,6,0,2,10,1,4,2,5,8,2,5,5,5,2,4,8,4,11,3,6,14,2,2
sp|P26639|SYTC_HUMAN,10,2,9,19,2,14,1,8,18,11,3,6,8,4,3,8,6,6,3,4,9,6,5,14,5,11,5,8,15,11,4,6,5,2,6,8,7,7,2,9,5,3,4,15,13,7,6,7,9,13,6,6,9,5,12,9,3,3,4,6,7,3,12,11,12,12,4,10,7,15,1,6,3,9,8,7,6,6,2,4,8,2,8,12,6,8,3,11,12,9,3,6,6,9,11,5,7,12,2,3
sp|P60174|TPIS_HUMAN,7,0,3,4,4,6,1,1,3,4,3,2,2,3,5,5,1,1,2,1,10,2,3,3,2,4,0,4,4,4,0,3,4,2,1,0,5,5,0,2,6,2,3,7,1,8,3,4,3,5,1,0,1,1,3,3,1,5,1,0,5,0,2,5,1,4,1,3,7,3,0,1,2,4,1,2,5,8,3,1,6,1,4,2,2,6,0,4,3,3,0,2,2,3,1,5,3,6,0,1
sp|P45880|VDAC2_HUMAN,5,3,3,1,4,7,1,2,5,3,2,2,3,1,2,7,4,3,0,1,1,2,4,5,3,5,0,3,5,5,0,3,1,2,0,1,14,1,2,2,5,2,4,2,4,8,1,3,7,3,1,1,1,1,2,6,2,2,1,3,4,2,4,2,4,7,1,2,2,3,0,6,0,2,2,3,7,4,1,3,6,0,2,2,0,7,1,3,4,9,0,3,2,2,1,6,4,5,0,1
sp|Q9CW03|SMC3_MOUSE,12,0,13,26,10,11,4,17,21,23,6,12,6,12,19,17,9,14,1,11,20,0,16,41,2,5,1,9,38,24,2,10,1,23,22,10,8,5,2,5,14,4,13,21,11,13,6,15,18,23,8,18,6,13,18,9,14,13,0,7,10,2,12,36,3,7,3,10,26,35,11,12,2,18,17,16,16,5,1,2,15,1,15,21,15,18,5,11,23,18,8,5,5,18,9,20,10,19,0,5
sp|P06745|G6PI_MOUSE,10,0,3,8,5,3,4,3,7,14,4,15,3,3,9,7,4,7,1,2,5,1,7,5,4,11,1,10,9,7,3,4,5,2,4,10,12,8,2,2,12,2,5,7,8,8,6,5,7,13,2,4,4,3,1,6,4,6,6,3,9,1,4,6,5,10,7,7,8,10,4,3,7,10,4,2,6,3,1,5,6,0,5,9,6,8,3,9,10,12,2,4,5,6,2,9,6,5,2,1
sp|P43274|H14_MOUSE,11,0,0,3,0,3,0,1,7,1,1,0,7,0,2,3,3,2,0,0,9,0,1,2,0,3,0,1,7,6,0,2,0,0,2,5,1,4,0,1,10,0,0,1,1,6,0,0,11,2,0,1,2,1,1,4,3,1,0,0,14,0,0,0,0,3,0,0,17,0,0,0,4,0,0,2,4,0,0,0,11,0,0,0,0,0,0,0,19,0,0,0,6,0,0,2,4,1,0,0
sp|P35846|FOLR1_MOUSE,6,2,2,4,0,1,3,0,3,8,5,2,2,2,3,1,3,3,1,0,1,5,3,2,2,1,4,2,3,1,1,4,1,3,2,6,6,0,2,2,0,6,4,4,1,1,0,2,3,4,0,2,3,6,2,5,1,2,4,1,3,3,0,3,3,4,4,1,2,2,0,3,3,0,1,9,2,1,4,3,5,2,1,3,3,5,1,2,0,6,2,2,3,2,2,4,1,3,3,1
sp|P31230|AIMP1_MOUSE,8,0,2,10,0,1,0,4,10,9,2,2,0,5,3,0,2,3,0,1,6,1,0,8,0,2,1,3,6,4,0,2,3,5,2,6,6,7,0,0,8,1,6,6,0,3,1,3,9,3,0,0,3,2,3,5,4,4,0,1,4,2,1,3,0,4,1,1,3,7,5,4,6,3,3,5,0,10,0,0,6,2,3,5,3,5,1,4,8,2,1,3,5,3,1,1,4,3,1,1
sp|Q8R010|AIMP2_MOUSE,4,1,3,4,0,3,4,1,3,6,3,1,7,4,2,6,5,4,0,3,7,0,8,2,0,3,1,4,4,10,1,5,3,1,1,2,6,4,0,2,2,2,0,4,2,2,4,1,4,10,0,3,3,3,5,6,3,7,1,2,5,1,2,4,6,4,1,4,5,5,3,2,2,4,2,5,4,4,1,0,6,1,1,2,1,5,0,0,2,10,1,4,3,4,3,8,4,6,3,0
sp|Q9D1M4|MCA3_MOUSE,5,0,0,3,0,3,0,1,3,6,1,1,2,3,2,2,1,1,0,1,4,0,0,3,0,3,2,1,3,5,2,2,1,1,0,4,3,1,0,0,0,0,4,3,1,1,1,0,3,5,0,1,0,3,2,3,3,3,1,1,2,0,2,2,1,2,2,3,2,7,0,1,0,1,1,0,2,3,0,4,1,1,1,0,2,0,4,4,1,2,0,3,1,2,3,4,0,2,1,2
sp|P42227|STAT3_MOUSE,15,1,5,12,5,3,6,5,5,20,4,5,4,22,11,9,6,6,4,6,6,2,11,13,2,6,1,7,11,19,7,7,4,21,9,8,7,8,2,3,6,4,6,12,7,9,5,8,11,18,5,9,6,5,9,8,10,14,0,2,8,3,3,9,9,10,0,12,12,15,4,11,7,5,4,13,10,7,8,4,9,4,8,12,7,11,1,9,8,10,7,6,13,7,2,13,14,6,1,6
sp|P34960|MMP12_MOUSE,6,3,4,5,7,5,1,4,7,10,8,4,3,5,4,5,7,3,1,3,7,1,9,2,8,6,4,4,6,6,3,2,4,4,8,2,4,6,2,7,5,0,4,3,5,7,4,4,4,9,1,5,11,4,3,11,7,3,1,4,5,1,3,5,9,4,2,9,5,7,0,4,7,3,2,13,4,3,5,4,5,1,7,2,8,3,3,4,10,7,1,0,6,4,6,3,4,8,2,9
sp|P17710|HXK1_MOUSE,8,3,12,17,6,16,6,9,10,17,8,7,13,9,12,18,7,11,1,5,9,5,15,16,9,20,1,12,17,18,8,6,4,4,12,7,12,14,2,4,14,2,10,13,5,12,7,6,12,20,6,5,6,6,18,17,15,17,0,4,8,9,16,13,9,20,3,13,10,15,11,8,5,4,8,8,14,15,2,4,11,4,10,10,9,18,4,12,14,23,4,6,4,8,12,14,11,17,0,3
sp|Q9EQQ9|OGA_MOUSE,24,3,9,19,9,12,2,6,8,14,6,6,8,8,13,13,4,10,3,7,7,4,8,18,7,10,3,14,12,13,2,10,11,5,6,14,12,16,3,9,15,1,10,26,2,6,3,4,12,12,10,4,16,14,2,13,14,15,1,4,12,5,9,12,11,10,2,8,10,18,8,5,10,8,11,15,6,10,5,9,8,6,14,14,12,14,2,11,17,20,6,3,10,4,4,14,5,11,1,4
sp|P61459|PHS_RAT,3,0,1,2,0,1,1,0,1,4,1,1,1,1,3,1,0,0,0,0,2,0,2,2,3,2,1,1,2,1,0,1,0,1,1,0,0,1,1,0,3,0,1,1,3,1,2,0,1,2,1,1,0,1,2,0,1,1,0,0,1,1,0,2,1,1,2,1,1,1,0,2,1,0,0,1,2,2,1,1,2,0,1,2,1,0,0,2,0,2,1,1,0,1,1,3,1,2,0,0
sp|P63159|HMGB1_RAT,2,1,2,3,4,3,2,0,8,0,2,1,3,1,2,5,1,2,0,1,4,1,2,6,1,2,0,1,10,0,3,0,2,0,3,2,3,0,1,2,3,1,2,2,4,3,1,2,8,3,0,1,6,0,2,3,0,1,0,1,9,0,4,4,0,2,0,1,10,1,1,2,2,1,1,0,1,0,1,3,1,0,10,21,0,1,0,0,7,0,0,0,0,0,0,1,0,2,0,0
sp|P17256|KIME_RAT,6,0,3,3,2,7,3,2,4,15,1,4,3,4,2,4,3,12,1,0,10,3,2,4,1,6,0,2,4,16,1,1,6,2,3,6,2,6,1,3,4,1,3,6,0,8,1,4,5,8,1,5,4,3,4,8,5,4,3,2,9,1,3,7,1,4,3,4,3,12,4,2,5,2,4,5,2,7,0,1,10,4,2,4,1,13,3,3,4,9,1,0,3,4,2,5,6,4,1,0
sp|Q5XIM7|SYK_RAT,14,0,5,12,1,6,2,1,12,15,2,4,5,11,11,7,8,5,2,3,4,1,6,8,5,12,8,9,12,15,3,5,5,4,7,7,5,7,0,3,5,1,8,10,8,7,4,14,4,11,6,6,5,3,10,2,7,5,0,10,5,4,6,14,5,6,2,10,7,12,5,0,11,2,7,7,11,8,1,3,12,3,7,16,7,6,1,4,9,9,5,5,7,3,5,4,11,5,1,2
sp|P07335|KCRB_RAT,7,1,5,4,4,5,4,2,3,6,3,5,7,2,2,5,6,4,0,2,1,2,11,5,3,7,3,4,2,6,0,3,6,2,8,6,2,3,0,3,7,0,8,5,3,4,2,3,4,11,2,3,3,3,3,6,2,3,3,2,1,2,1,5,5,8,5,4,7,9,3,4,3,2,3,3,6,3,1,2,4,0,6,6,2,8,0,2,4,9,3,1,2,6,5,3,2,10,0,0
sp|P08037|B4GT1_BOVIN,10,2,1,2,1,11,3,1,1,15,2,0,6,4,8,5,1,6,0,2,5,1,2,4,1,5,1,2,2,9,1,5,16,3,3,10,5,5,0,1,4,1,3,3,3,5,3,7,7,9,2,4,5,5,5,2,1,4,1,7,2,2,8,1,8,7,2,4,2,4,2,7,4,4,3,7,1,5,2,6,3,1,4,3,2,4,2,5,5,6,4,4,5,2,8,6,6,5,0,3
sp|P14755|CRYL1_RABIT,6,0,2,3,2,9,0,4,4,7,3,1,2,3,4,7,1,4,1,1,4,3,4,6,1,1,1,4,2,10,0,2,2,3,2,11,1,7,0,0,4,1,2,3,1,3,4,4,4,6,1,1,8,2,3,3,4,8,0,2,4,1,4,5,2,5,1,4,0,9,4,2,2,1,4,6,1,4,1,4,6,2,2,6,2,3,1,1,8,5,3,1,4,4,6,3,1,4,1,0
sp|P11415|QOR_CAVPO,4,1,2,3,2,5,2,6,4,5,2,1,6,3,4,2,4,8,0,2,7,0,5,3,3,8,1,4,3,3,0,1,3,1,3,5,6,6,0,4,12,2,0,4,3,10,3,1,3,6,0,1,0,3,3,3,3,7,0,2,3,2,5,5,0,6,2,9,5,5,2,5,1,0,4,5,1,5,0,1,4,0,0,5,3,6,2,5,4,5,2,1,2,5,0,9,5,5,1,1
sp|Q01217|ARG56_YEAST,13,2,4,6,9,11,4,11,11,16,2,7,7,8,9,19,11,16,0,7,14,0,10,14,3,13,0,14,16,21,3,8,5,6,5,12,10,12,1,6,16,2,14,8,9,9,1,8,12,14,1,12,4,3,8,20,6,16,4,6,14,2,7,11,3,11,4,13,12,14,1,10,9,7,9,16,9,11,2,8,10,2,10,9,6,18,6,18,11,14,2,11,9,4,5,9,6,14,1,6
sp|P23202|URE2_YEAST,1,0,1,1,2,5,0,2,0,2,2,29,0,5,3,10,4,4,0,0,3,0,2,6,6,3,4,4,3,5,1,6,2,7,3,6,4,3,0,3,5,0,6,4,3,4,3,4,2,10,1,7,4,2,2,5,1,4,2,2,12,0,2,7,4,3,3,2,1,5,3,1,1,3,6,4,3,6,1,4,4,0,4,3,4,4,1,6,5,4,3,3,5,1,5,2,4,7,3,2
sp|P03069|GCN4_YEAST,3,0,3,4,4,3,0,4,4,4,3,3,5,2,0,8,4,2,0,1,5,0,7,5,5,0,0,1,2,5,1,2,6,2,0,6,6,3,0,1,3,0,7,6,2,0,0,2,2,6,0,3,4,0,0,8,7,6,1,0,2,0,4,2,0,2,3,2,8,4,0,2,5,2,4,7,2,7,0,1,6,0,1,7,0,1,1,0,7,8,1,3,0,2,9,2,1,3,0,1
sp|P07250|IPMK_YEAST,6,1,7,3,3,6,2,2,4,7,2,2,4,2,4,4,4,4,1,3,3,0,7,5,1,4,0,5,9,12,0,4,2,2,1,8,2,3,0,3,2,1,4,7,2,4,0,4,5,6,2,4,1,3,6,9,4,3,0,4,2,0,6,7,5,1,2,3,5,12,3,4,2,2,5,4,2,2,1,3,2,0,19,6,3,6,1,5,5,4,2,2,2,0,0,7,4,2,0,1
sp|P38011|GBLP_YEAST,4,0,3,2,2,7,2,1,4,9,1,3,2,2,3,7,5,5,2,0,6,1,8,1,1,4,2,4,4,4,2,0,0,2,3,8,5,5,2,2,5,1,6,2,2,3,1,5,6,4,1,5,1,4,1,3,4,7,3,0,11,0,3,2,2,4,1,4,3,7,2,5,2,1,1,6,5,1,2,2,9,0,5,2,3,4,1,2,2,5,1,2,3,3,2,4,4,6,2,3
sp|P14120|RL30_YEAST,2,0,0,1,0,1,0,2,3,2,1,1,1,2,0,3,0,2,0,0,0,0,0,0,0,2,0,1,5,3,0,0,0,1,1,3,2,1,0,2,3,0,0,2,0,0,0,2,1,3,1,1,1,0,1,2,1,1,0,2,1,0,0,1,1,4,0,0,3,2,0,2,0,1,0,0,2,2,0,2,2,0,2,1,1,2,0,2,0,3,0,0,0,0,1,2,2,3,0,0
sp|P04807|HXKB_YEAST,4,0,4,7,5,10,2,6,11,9,5,3,7,4,2,4,6,8,1,0,4,0,8,6,8,6,1,9,5,7,2,5,8,8,4,5,7,2,2,1,5,2,9,7,2,7,1,9,5,5,2,5,7,1,2,6,9,8,0,6,4,0,8,9,8,6,0,6,6,10,4,4,4,6,7,5,5,2,0,4,17,2,5,3,1,12,1,10,8,4,0,2,3,3,4,5,3,5,1,5
sp|P00044|CYC1_YEAST,3,1,0,1,2,2,0,0,4,2,1,0,0,1,1,1,3,0,0,0,0,1,0,1,1,5,3,1,2,1,0,1,2,0,1,0,1,2,0,0,2,0,2,1,0,2,1,1,2,1,0,2,0,1,0,2,1,1,1,2,1,0,0,2,1,1,0,1,3,1,2,3,2,0,0,1,2,0,0,2,1,1,2,2,0,2,0,1,5,3,0,1,0,0,1,0,1,0,0,1
sp|P43593|UBP6_YEAST,7,0,4,8,3,7,1,7,10,9,3,4,7,4,2,10,7,4,0,3,5,3,4,5,5,4,1,5,6,11,3,10,4,9,5,6,3,7,0,4,3,1,8,9,8,7,2,7,8,7,2,7,0,6,3,9,8,3,0,2,4,0,4,11,6,0,0,3,16,7,2,3,5,4,10,6,5,10,1,3,4,1,6,13,4,9,3,5,10,8,1,7,3,3,1,8,1,5,2,5
sp|P28241|IDH2_YEAST,3,1,2,4,5,6,0,6,6,2,1,4,5,1,5,9,6,5,1,2,5,0,2,2,4,6,1,5,6,10,0,5,6,1,3,3,8,6,0,1,6,1,2,7,2,5,2,9,3,4,0,2,2,2,8,4,3,9,0,3,5,1,5,4,1,5,2,5,3,10,0,5,4,0,0,10,5,6,0,3,10,0,4,2,1,6,2,4,2,8,3,5,3,3,2,7,8,3,0,0
sp|P48570|HOSC_YEAST,11,2,7,7,5,4,0,5,7,7,1,5,4,3,3,5,4,3,0,3,4,1,8,5,4,5,3,8,8,5,2,2,0,1,4,8,4,11,0,3,8,4,5,4,1,11,2,8,2,7,2,5,2,1,6,3,5,8,0,2,10,1,5,3,5,4,5,9,7,5,1,7,5,0,3,2,4,5,1,4,9,0,9,3,1,1,1,7,12,7,0,6,4,3,3,6,5,7,0,0
sp|P14540|ALF_YEAST,11,0,2,4,3,6,2,6,5,4,1,3,2,2,2,6,5,6,0,2,10,1,3,5,3,6,5,6,5,6,2,2,4,1,1,6,0,2,1,3,4,1,6,11,1,4,1,4,5,4,3,6,3,2,1,3,4,4,1,4,6,2,2,6,5,9,4,4,4,6,0,3,2,3,2,3,3,6,0,2,2,1,5,5,3,5,0,3,8,4,2,4,5,1,4,2,8,4,1,4
sp|Q12309|CLF1_YEAST,9,1,10,11,3,4,3,11,9,14,4,5,3,6,17,6,6,6,3,7,10,1,3,13,5,3,3,8,6,10,3,11,3,8,7,12,5,12,8,7,4,1,8,14,8,2,2,13,12,18,4,6,3,6,5,9,5,3,5,10,7,1,8,16,8,6,1,12,15,14,0,3,4,7,9,6,5,5,3,8,6,0,14,20,8,3,0,7,18,13,1,3,5,9,4,4,7,8,1,4
sp|P06168|ILV5_YEAST,11,1,3,3,4,3,0,4,5,6,2,3,3,2,10,2,9,4,1,3,8,0,5,3,2,11,0,6,5,7,1,5,2,3,3,5,2,5,3,3,7,0,4,3,4,7,3,2,8,8,0,2,5,1,3,6,5,8,1,2,4,2,4,8,3,10,2,3,1,6,4,3,2,3,3,5,4,4,0,8,3,0,4,9,3,3,0,3,9,7,1,5,4,3,7,4,6,3,2,3
sp|P39533|ACON2_YEAST,13,3,9,6,6,4,5,9,12,18,5,10,8,7,5,15,12,6,0,5,18,2,4,8,4,25,3,11,7,14,4,5,7,4,3,7,16,9,3,4,12,3,11,9,8,9,1,12,12,10,1,9,9,8,6,14,9,10,2,3,6,1,11,11,8,12,3,6,16,13,3,15,12,4,7,8,9,7,2,4,11,0,12,11,6,15,4,13,14,12,4,11,5,2,6,10,8,6,2,5
sp|P00812|ARGI_YEAST,2,0,2,7,2,9,2,2,5,7,3,2,4,3,1,5,3,3,1,4,6,0,4,2,1,7,1,3,7,6,2,2,1,1,2,7,5,9,0,1,4,2,5,2,1,6,3,5,5,8,1,4,7,0,0,5,2,3,2,2,7,1,7,4,1,6,2,6,5,3,4,2,4,0,1,2,2,6,0,4,7,3,3,5,1,7,2,5,0,11,0,3,2,0,4,3,4,5,0,0
sp|P11325|SYLM_YEAST,12,2,9,8,8,11,3,13,15,14,6,9,11,8,10,11,9,6,6,8,14,2,9,12,10,9,3,8,18,15,3,9,13,12,4,9,6,15,4,4,5,7,13,12,8,11,3,12,10,11,3,6,14,4,9,15,15,13,4,4,11,1,13,9,8,12,5,16,17,16,3,9,11,4,5,13,6,12,3,5,7,0,7,15,12,4,2,11,20,15,9,14,5,6,7,11,10,15,2,6
sp|P36024|SIS2_YEAST,8,1,7,4,2,7,2,6,9,7,2,5,6,9,4,15,13,6,0,0,8,0,8,4,0,3,2,7,11,4,3,13,10,4,4,13,11,7,0,1,3,0,4,8,4,4,1,11,13,8,2,3,9,7,6,12,9,6,0,3,8,2,6,5,1,2,2,7,5,14,5,5,9,7,4,8,9,7,6,1,1,0,39,18,1,7,1,6,7,2,4,9,3,1,0,1,3,5,1,1
sp|Q08438|VHS3_YEAST,11,0,4,5,2,11,1,4,9,6,3,10,10,6,5,24,14,10,0,0,6,0,7,9,4,6,3,7,7,10,2,13,11,0,6,25,10,8,0,1,8,1,5,7,6,6,3,9,18,9,6,13,3,7,5,14,9,4,0,2,8,1,6,5,7,6,4,10,4,12,3,6,10,6,7,11,13,9,6,1,2,0,63,16,0,13,0,4,11,3,3,6,1,1,1,3,1,5,0,1
sp|P0CX45|RL2A_YEAST,4,0,2,1,1,6,3,5,3,3,1,1,0,3,8,2,3,3,0,2,5,0,1,3,3,6,1,3,4,4,0,3,2,1,4,2,1,5,0,3,3,0,2,4,0,7,1,4,2,3,0,4,5,0,4,4,2,5,0,1,6,0,2,0,1,7,1,3,7,3,1,1,2,0,6,3,1,5,1,1,5,0,2,0,0,9,4,3,3,3,0,2,2,4,4,4,3,2,0,0
sp|Q3E7X9|RS28A_YEAST,1,0,1,0,0,0,0,1,3,1,1,1,1,0,0,0,2,2,0,0,0,0,0,0,0,4,0,0,0,1,0,0,0,1,2,1,2,3,0,0,0,0,1,2,1,0,0,1,0,1,0,0,0,0,3,1,2,2,0,0,0,0,1,1,0,1,0,1,1,2,0,2,1,0,1,0,0,3,0,0,1,0,0,3,0,0,0,0,0,1,1,0,0,0,4,1,0,0,0,0
sp|P33421|SDH3_YEAST,7,0,0,0,2,1,0,0,3,8,3,2,1,0,4,7,1,1,0,0,5,0,0,3,1,0,1,3,4,3,1,4,3,2,2,4,3,1,0,0,0,0,0,0,3,4,1,3,0,11,1,0,1,2,1,4,3,2,1,3,3,0,0,2,3,5,2,3,4,3,0,1,0,1,0,4,3,1,2,3,3,0,1,1,1,4,1,3,2,8,0,0,0,0,2,0,6,2,1,3
sp|Q06559|RS3_DROME,3,0,2,6,3,3,0,3,4,4,1,3,2,0,4,4,3,4,0,1,6,1,0,5,2,4,0,4,4,4,2,1,0,3,6,0,4,3,0,1,6,2,0,3,0,7,0,2,4,5,1,0,0,2,6,3,1,5,0,3,1,1,4,1,1,4,2,3,5,5,3,2,3,1,2,2,2,6,0,2,1,0,3,7,0,1,0,2,7,4,0,1,9,0,0,3,2,4,0,2
sp|Q7JXV9|VPS25_DROME,1,0,1,4,4,0,1,0,1,3,1,0,4,5,1,0,4,1,3,1,1,0,1,2,3,1,2,1,2,6,0,3,2,1,4,3,2,0,0,1,2,0,1,5,1,2,1,1,1,6,0,1,1,2,3,1,1,2,2,2,1,1,2,3,1,3,1,2,0,2,1,3,0,2,0,2,5,2,1,3,2,1,2,5,2,4,1,1,2,6,1,0,0,0,2,2,0,3,0,0
sp|Q24314|VPS18_DROME,13,3,7,14,10,13,8,12,8,21,5,9,16,4,11,16,15,10,1,5,16,4,7,18,8,12,5,11,10,23,1,7,10,10,13,11,11,12,2,10,18,3,17,18,6,4,4,13,11,17,7,7,6,9,13,7,12,14,4,11,17,3,11,18,5,3,6,12,17,27,5,7,7,9,13,6,11,11,2,11,14,9,14,22,10,4,4,11,11,27,4,4,5,20,10,6,11,9,2,1
sp|Q9VU87|VPS36_DROME,6,1,5,7,4,4,1,3,2,6,1,4,3,1,7,7,6,8,1,3,5,0,2,5,3,6,4,7,4,9,1,4,6,0,5,8,7,3,1,0,8,0,6,5,2,5,1,7,9,7,4,1,0,3,6,7,4,4,0,1,5,3,6,6,3,5,1,4,0,11,3,3,5,3,7,8,2,3,0,2,9,1,5,10,1,5,1,2,4,17,0,1,1,2,6,5,1,7,0,1
sp|P19889|RLA0_DROME,6,1,2,3,4,4,0,3,7,4,5,4,1,3,4,2,2,7,1,1,6,0,2,4,2,5,3,5,5,8,0,4,6,2,4,1,2,5,0,0,3,0,2,3,3,6,0,8,5,7,1,4,5,2,0,6,4,4,0,1,10,1,3,3,3,4,1,6,3,6,0,3,4,2,1,6,3,3,0,2,12,0,5,11,4,4,0,2,8,1,1,0,3,0,0,5,3,1,0,1
sp|Q9V4S8|CSN7_DROME,6,1,2,6,4,3,0,1,4,9,2,2,2,2,1,4,3,4,0,0,3,0,2,5,3,2,2,2,6,8,1,1,4,4,1,3,4,2,0,3,6,0,4,5,1,2,2,10,3,7,0,2,1,2,3,2,1,2,0,3,3,2,3,5,0,2,0,6,4,4,1,5,2,4,2,4,2,4,1,2,2,0,3,2,1,6,1,1,8,5,1,1,3,3,3,9,3,2,0,0
tr|Q9VMB4|Q9VMB4_DROME,10,1,11,8,7,8,6,13,6,25,2,10,10,10,11,13,9,15,4,8,21,0,9,8,3,16,10,11,4,11,2,10,13,7,7,15,10,15,5,10,15,4,13,10,5,12,7,6,4,18,0,4,21,12,11,12,7,14,6,6,10,2,9,13,3,14,7,10,13,17,3,3,15,10,7,13,11,14,2,11,9,2,13,9,7,16,5,4,9,19,4,7,5,12,10,19,7,15,3,12
tr|Q9VD72|Q9VD72_DROME,4,0,2,6,2,3,0,1,6,5,4,1,0,7,4,0,2,3,0,1,3,1,3,3,4,6,1,2,5,3,2,1,1,4,2,2,1,4,1,2,6,1,3,4,0,3,2,4,4,7,2,1,0,2,4,3,2,3,0,0,2,1,1,4,2,6,1,4,4,4,1,4,1,4,0,4,3,4,0,1,6,1,4,2,2,5,0,1,2,5,0,1,3,4,2,2,4,1,3,2
sp|O13289|CATA_CANAL,7,1,7,5,8,9,3,6,4,6,1,3,6,4,6,4,9,7,0,1,5,0,7,6,8,5,4,3,4,6,3,7,6,2,6,7,8,4,1,5,10,0,4,8,6,6,3,4,9,5,1,5,4,4,2,5,7,4,4,6,9,1,4,4,5,6,5,1,3,6,3,9,9,3,4,6,7,7,0,5,15,0,6,7,6,3,4,3,9,7,0,3,5,9,3,3,2,7,3,2
sp|P82612|PMGY_CANAL,3,0,1,6,1,5,1,1,5,6,1,3,1,2,3,2,2,5,2,0,7,0,4,1,0,2,2,2,4,6,0,2,1,4,4,3,2,3,1,2,3,0,6,4,2,2,0,2,3,2,0,0,6,3,4,2,2,5,1,3,6,0,6,2,0,3,2,4,2,10,0,2,1,1,2,3,0,4,1,1,10,0,2,3,0,4,0,3,4,5,0,2,5,2,0,1,2,2,0,3
sp|Q9Y7F0|TSA1_CANAL,4,0,1,3,3,2,0,1,4,3,1,0,3,3,0,1,2,7,1,1,6,1,2,4,4,0,0,2,3,2,0,0,2,1,0,4,3,3,1,2,3,0,4,3,1,5,1,2,2,4,0,2,1,0,2,2,2,4,1,1,2,0,2,3,2,3,0,4,1,7,0,1,2,2,4,2,1,4,0,0,2,1,1,5,2,2,1,1,5,0,0,3,4,0,0,2,2,2,1,2
sp|P41911|GPD2_YEAST,5,1,2,1,3,0,8,4,7,10,2,1,4,3,12,7,9,6,0,3,4,0,7,6,3,5,6,11,4,8,1,8,5,1,2,3,5,6,2,1,7,2,5,5,2,9,4,3,6,10,0,2,4,7,1,6,3,8,1,3,10,1,3,5,6,10,2,8,5,8,2,4,2,2,3,4,1,8,1,3,6,3,4,13,2,5,1,5,4,8,3,4,2,5,3,3,7,6,1,3
sp|O74713|HGT1_CANAX,8,1,3,3,14,9,1,12,4,7,6,3,4,1,4,18,4,2,1,4,9,2,0,2,10,17,1,14,1,11,4,2,5,5,6,7,1,8,2,2,10,0,3,8,4,6,1,13,6,7,4,5,1,11,2,7,6,6,2,7,12,4,5,2,6,12,0,10,3,6,3,5,5,3,5,8,4,8,4,4,10,1,3,13,6,5,2,7,6,4,5,6,5,3,6,7,6,5,5,4
sp|Q93VT9|RL101_ARATH,1,2,3,0,0,5,0,3,6,0,2,0,5,1,8,1,0,3,0,4,6,2,1,5,3,1,2,1,4,3,1,2,1,0,2,4,0,4,1,1,6,2,1,0,2,6,2,3,2,4,2,1,1,1,5,1,2,3,0,0,4,1,1,1,4,3,3,2,6,3,0,0,1,3,5,2,1,3,1,0,5,1,2,1,3,3,2,0,3,4,0,3,4,2,4,2,1,3,0,1
sp|Q9ZVD5|AGO4_ARATH,12,0,12,11,8,20,5,3,13,13,3,13,16,4,11,11,9,16,0,5,12,4,8,12,9,12,3,11,11,13,4,13,9,10,14,13,12,11,1,3,10,5,6,11,10,10,1,10,13,15,2,10,13,10,16,13,9,15,2,4,7,2,9,9,6,10,2,16,17,17,6,9,14,7,7,17,10,14,2,4,15,5,9,9,10,9,9,12,8,16,3,11,11,10,4,15,10,11,1,6
sp|Q42525|HXK1_ARATH,14,3,5,4,2,9,1,3,7,10,5,1,2,2,5,7,4,13,1,2,4,1,3,11,10,10,2,4,6,10,2,2,4,4,5,8,6,7,1,0,12,0,5,6,2,11,3,4,3,10,3,6,4,1,5,3,6,11,2,3,4,1,6,6,4,5,2,11,8,12,5,3,6,1,5,8,6,6,0,1,10,1,6,9,2,11,3,6,5,11,2,1,0,2,3,12,5,4,0,3
sp|O04019|PS6AB_ARATH,6,0,5,12,1,3,0,7,7,10,4,5,2,4,4,6,5,3,0,1,3,1,13,6,1,5,0,3,7,9,1,3,5,2,3,5,6,9,0,3,9,1,3,5,3,10,1,5,7,11,3,1,6,6,3,0,5,5,0,1,6,1,10,6,5,4,1,9,5,9,2,2,3,2,8,6,3,3,0,0,11,1,5,8,3,4,2,4,5,6,2,7,1,4,6,3,3,6,0,2
sp|P11574|VATB1_ARATH,2,0,7,9,3,13,0,6,6,8,2,3,3,4,4,4,9,13,0,2,7,1,4,7,2,9,1,12,4,9,3,5,8,4,5,8,4,3,0,2,12,1,6,11,6,4,2,6,2,8,4,5,3,1,6,4,7,7,0,3,3,0,6,4,0,10,3,12,3,7,4,3,8,4,9,5,9,1,0,7,8,0,8,6,6,3,1,4,5,13,2,3,2,5,6,7,4,5,1,5
sp|P24058|ARLY2_ANAPL,8,0,6,10,2,8,1,7,9,8,3,2,1,3,3,11,4,4,2,2,6,0,5,5,2,4,4,9,6,15,1,2,2,5,8,7,6,5,1,1,7,0,6,8,7,6,1,7,3,15,4,3,2,0,4,12,4,4,0,1,8,0,6,6,2,4,0,4,8,14,4,3,4,4,3,8,7,8,0,1,8,0,2,6,4,4,2,4,9,9,1,3,2,8,3,10,7,8,0,2
sp|P13743|LDHB_ANAPL,8,2,4,4,0,6,1,2,6,9,5,0,2,2,0,4,3,9,0,0,4,1,2,2,2,5,1,6,5,5,0,4,2,5,3,4,4,10,0,2,3,2,3,2,1,7,4,4,2,7,1,2,3,0,4,6,4,7,3,2,5,2,2,7,0,5,1,2,5,7,2,5,1,2,1,5,3,8,2,2,3,1,6,2,1,3,1,3,7,9,1,2,1,3,1,8,4,7,1,1
sp|P03880|ANI1_EMEND,6,1,2,2,5,5,5,8,2,14,3,7,4,2,3,10,4,8,2,5,7,1,3,2,3,12,0,10,3,13,4,2,5,3,2,4,8,6,4,6,5,0,4,4,5,11,2,12,10,13,1,0,0,2,4,7,5,6,0,7,4,1,5,8,7,3,1,11,6,11,2,7,4,1,5,10,2,3,1,6,4,1,7,2,3,2,0,10,13,13,0,5,2,4,5,9,4,5,1,6
sp|Q28399|ALDH1_ELEED,9,1,7,11,4,4,2,6,8,7,4,4,6,3,5,7,5,5,2,1,12,6,4,4,4,8,1,9,5,11,2,3,7,2,3,3,6,5,2,4,14,2,5,5,5,10,3,5,6,6,2,4,5,4,1,7,5,11,0,1,7,1,3,10,6,11,2,8,10,4,2,6,6,4,3,4,3,7,1,3,9,1,3,6,3,9,2,4,9,5,4,4,1,4,2,8,7,10,1,5
sp|P45850|OXO1_HORVU,3,2,7,1,3,3,1,0,3,3,1,1,3,1,0,5,1,3,0,0,4,0,2,2,1,5,0,0,1,3,1,4,3,0,1,3,6,4,1,0,1,0,1,2,0,6,2,3,2,5,2,2,3,0,2,3,2,4,0,1,2,0,0,2,5,4,1,2,1,1,2,3,3,2,2,2,2,6,0,1,3,0,1,2,2,4,0,1,3,6,0,0,4,0,1,3,3,4,0,0
sp|Q12629|PDC1_KLULA,11,1,3,7,4,13,2,6,3,15,3,6,3,4,4,8,4,10,1,5,9,3,9,8,2,3,4,9,3,12,2,7,8,2,5,7,10,8,0,2,10,0,6,5,8,8,2,4,12,10,2,2,5,3,2,11,9,10,0,4,10,0,4,9,6,12,2,7,5,7,0,4,7,6,2,6,11,10,3,2,8,1,5,8,3,5,2,7,6,12,3,9,4,6,5,3,12,5,3,4
sp|P09608|GAL1_KLULA,5,3,9,7,7,2,3,6,4,10,3,6,7,3,5,8,6,5,0,2,8,2,4,5,4,11,3,8,6,8,1,5,5,3,0,10,4,9,1,4,9,1,3,7,6,8,1,4,7,10,2,7,5,3,2,4,8,10,0,4,4,3,4,11,7,5,2,3,7,14,1,4,3,7,6,5,5,5,1,4,6,6,5,11,3,8,1,5,4,11,1,3,3,2,2,12,7,4,1,4
sp|P61866|RL12_CAEEL,3,1,1,2,1,4,0,2,3,2,1,0,4,0,1,1,2,4,0,1,2,1,2,1,0,3,0,3,6,4,0,1,2,2,0,1,3,1,1,0,3,0,2,2,0,0,0,2,7,2,0,1,3,0,3,2,0,6,0,0,2,0,2,2,0,2,1,5,4,2,2,1,1,0,3,1,3,2,0,0,3,1,2,3,0,4,2,6,0,1,0,1,2,3,0,2,2,1,0,0
tr|Q383B2|Q383B2_TRYB2,9,4,4,5,0,5,1,6,5,7,1,1,2,2,4,6,5,7,1,2,19,0,3,7,1,4,0,2,7,1,1,2,11,1,3,3,6,6,0,0,7,2,5,2,5,2,0,6,6,6,4,5,3,3,6,5,4,5,0,1,5,1,5,4,5,8,1,5,3,3,2,4,2,3,3,7,6,8,0,2,7,0,6,1,1,4,2,6,5,7,3,3,6,1,3,3,4,10,2,1
tr|D5GCF2|D5GCF2_TUBMM,7,0,1,12,4,1,2,6,5,7,1,3,3,4,3,9,5,4,2,2,6,0,7,10,2,3,1,3,1,3,1,3,7,4,7,5,13,1,1,3,10,0,2,3,2,8,1,3,7,6,0,2,12,3,4,7,7,1,1,2,4,0,4,2,5,10,4,3,6,2,1,1,10,2,3,9,9,2,0,4,7,0,13,2,2,6,1,3,1,8,0,0,10,2,4,8,5,5,0,0
tr|D5G7U8|D5G7U8_TUBMM,1,1,2,3,3,2,1,2,2,11,3,2,4,4,0,4,5,2,1,2,4,1,5,4,3,2,2,4,2,6,0,3,3,1,6,2,2,2,0,3,5,1,6,2,0,6,1,3,4,6,0,4,1,2,4,1,2,3,1,3,3,0,4,3,1,4,1,3,4,5,1,4,3,1,1,4,3,4,2,4,4,1,2,6,0,5,3,2,5,5,0,3,0,4,3,2,2,2,2,2
tr|Q27089|Q27089_TRIVA,32,5,9,12,9,18,10,16,5,16,10,10,11,7,9,12,19,11,4,7,17,3,11,14,9,21,5,14,19,14,6,7,18,7,10,11,11,22,1,12,20,6,13,13,9,14,6,20,23,18,7,13,13,10,8,7,7,15,3,7,17,9,10,19,10,19,2,11,18,25,2,13,11,11,10,6,17,12,4,6,21,4,15,9,5,19,3,16,27,21,2,13,11,9,4,11,13,9,2,15
tr|Q27820|Q27820_TRIVA,6,1,6,4,3,4,2,4,7,5,0,1,3,2,5,0,4,9,1,3,4,1,5,6,1,9,1,5,8,7,0,0,3,1,2,6,3,6,1,1,7,3,5,2,2,4,2,2,4,5,2,7,2,1,4,3,8,6,0,1,8,1,2,4,1,6,1,4,6,8,1,4,5,0,1,4,7,7,0,0,2,3,5,3,1,4,1,6,4,6,2,2,3,2,2,7,4,6,2,5
tr|I7MG78|I7MG78_TETTS,3,1,5,5,5,8,2,9,8,6,5,5,4,7,7,2,3,5,0,5,3,0,5,8,5,3,3,4,7,17,3,4,6,6,4,7,3,3,1,3,10,0,7,7,3,8,6,5,7,10,2,3,2,2,3,6,5,3,2,4,4,1,5,4,3,8,5,3,2,14,2,6,5,3,7,1,6,8,1,7,5,3,5,4,5,4,1,7,4,10,1,6,6,6,6,6,4,4,1,6
sp|P17506|EF1A1_XENLA,8,1,5,4,5,7,3,11,10,7,1,2,2,3,4,5,9,3,2,1,8,1,6,4,3,7,3,4,6,7,4,4,3,3,5,4,6,11,0,4,3,0,3,3,3,12,0,6,10,8,2,3,11,3,3,5,5,9,3,1,9,1,2,4,7,7,5,9,6,3,2,6,7,2,1,10,5,6,0,1,10,2,5,5,5,6,1,4,11,8,0,1,6,5,7,2,3,9,0,1
sp|P50142|HSP60_AJECA,14,1,4,4,4,9,1,3,10,14,1,2,4,6,9,13,9,9,0,1,14,1,7,12,2,11,1,8,7,5,3,6,1,3,6,3,13,13,0,2,12,1,8,9,4,6,0,12,10,14,2,3,5,4,4,5,8,10,0,1,14,1,7,10,0,15,0,9,10,9,0,3,3,3,5,9,9,10,0,1,12,0,7,8,3,19,1,7,4,8,5,2,6,1,6,10,6,12,0,1
sp|Q8X1T3|PYC_PICAN,22,2,12,18,9,20,8,21,11,12,6,11,10,8,15,17,5,19,1,8,22,4,13,12,10,17,6,21,10,18,2,12,8,12,16,10,17,18,1,6,25,4,22,7,12,14,5,14,12,24,4,10,12,10,14,10,10,16,4,6,21,3,16,15,5,17,5,12,18,26,9,9,11,7,4,16,13,17,2,9,12,3,10,24,12,19,3,13,20,17,8,8,16,4,12,12,12,25,0,5
sp|Q92448|PFKA1_KOMPG,7,0,13,18,14,9,3,13,15,19,2,5,11,5,7,27,12,11,1,6,15,5,11,15,3,26,2,17,11,16,4,6,2,5,11,13,12,13,3,8,16,3,15,14,7,13,3,13,12,16,2,3,10,6,13,13,12,21,2,4,23,4,8,7,8,20,4,13,3,17,2,11,7,6,11,16,13,13,2,10,11,3,12,14,7,13,7,15,15,12,0,12,5,8,11,16,14,15,3,4
tr|Q95U89|Q95U89_LEIIN,5,1,1,1,4,1,0,0,1,6,2,1,3,3,6,4,4,1,0,2,3,1,4,1,5,3,1,5,3,1,2,3,2,1,1,1,2,4,0,3,4,1,3,2,1,3,2,1,4,4,1,2,2,1,1,4,2,6,1,1,2,0,4,4,1,5,1,7,2,5,1,2,1,0,4,2,1,3,0,1,5,1,3,4,3,4,0,1,3,3,1,2,3,2,1,0,3,1,1,1
tr|Q9I9A9|Q9I9A9_9SAUR,1,0,3,0,1,0,0,1,1,4,1,3,0,1,3,1,0,3,0,3,0,1,1,1,0,1,2,3,2,4,1,2,1,0,2,0,4,1,0,0,0,1,4,3,2,3,0,1,1,2,1,1,1,1,1,0,2,1,0,1,0,1,1,2,0,3,1,1,4,2,0,2,0,3,1,0,0,2,3,0,1,1,2,4,2,1,2,3,2,2,1,0,0,1,0,1,1,0,0,0
sp|P12063|SYYM_NEUCR,15,1,3,10,5,11,3,9,11,14,4,4,6,3,11,4,8,3,3,6,7,0,8,5,4,12,4,6,9,9,8,7,4,9,10,7,8,7,6,4,8,1,8,11,7,10,3,6,9,10,2,3,7,5,6,10,10,12,1,5,15,1,6,6,2,14,3,9,6,10,7,6,7,8,6,8,9,5,1,5,6,0,8,12,2,8,1,7,20,7,6,5,5,13,6,8,6,9,1,3
sp|P05979|PGH1_SHEEP,4,7,5,1,7,6,3,6,0,16,2,3,12,4,11,9,10,6,4,4,5,1,7,3,11,8,5,6,7,10,3,5,11,4,7,10,8,3,1,5,5,1,3,10,4,9,3,7,6,18,4,2,8,11,5,3,4,8,2,7,6,0,7,7,11,8,5,5,3,10,4,5,7,8,10,6,2,8,1,7,6,4,4,14,6,11,2,4,8,15,3,4,11,1,3,6,7,6,1,4
sp|P13922|DRTS_PLAFK,3,6,5,8,5,5,0,3,18,7,5,14,4,2,5,6,5,12,2,7,0,3,7,12,7,4,0,16,13,10,1,12,1,3,2,6,7,9,0,9,0,1,15,9,8,4,3,7,17,6,5,15,3,4,1,5,3,4,0,12,4,1,7,8,6,8,2,9,8,17,2,14,4,3,9,1,7,4,4,4,6,5,7,2,8,4,7,14,5,10,4,9,7,7,2,7,4,6,0,6
sp|Q75NZ0|SIR_PEA,13,1,4,7,5,4,2,6,9,10,3,8,7,6,11,22,10,4,0,5,10,1,10,6,7,11,2,7,4,14,4,7,7,7,6,9,11,8,1,5,4,0,9,10,7,14,1,7,9,8,3,5,8,2,12,5,8,14,3,8,11,5,5,6,3,11,3,12,7,16,3,7,10,4,11,3,8,8,1,3,8,0,7,11,7,11,3,4,14,14,4,8,6,7,5,8,5,7,3,5
sp|Q9UTI7|TYSY_SCHPO,14,1,7,6,2,4,4,7,8,17,3,7,5,3,6,5,9,11,3,3,12,2,12,8,2,7,1,10,7,13,6,8,6,5,4,7,5,5,3,2,6,0,8,12,3,4,1,5,3,10,1,9,11,6,7,17,14,5,0,3,6,2,10,5,6,11,5,9,5,15,1,6,6,4,8,5,7,6,4,4,9,4,8,6,8,9,5,6,8,8,8,3,8,5,3,10,2,8,0,7
sp|Q43155|GLTB_SPIOL,19,5,18,21,11,26,5,21,11,23,9,17,15,10,21,24,14,17,7,10,20,3,17,22,9,22,2,11,18,33,14,17,17,12,15,20,10,28,3,11,25,7,10,20,12,25,7,20,16,30,7,12,12,12,18,25,16,19,3,8,28,4,17,13,7,36,9,25,16,28,6,9,16,12,13,20,13,24,1,7,28,5,15,22,10,35,3,20,17,22,8,13,13,11,10,16,19,26,2,6
tr|Q9GLW8|Q9GLW8_PIG,3,0,1,4,2,3,0,2,5,2,1,1,3,0,0,1,0,5,0,0,4,1,0,2,3,5,1,0,4,3,0,0,3,1,0,1,2,3,0,0,3,1,1,2,1,3,1,1,1,3,1,2,0,1,2,1,2,6,1,0,1,0,4,1,3,3,0,0,2,6,1,1,1,0,3,3,2,2,0,0,1,1,3,2,0,2,0,4,1,4,0,2,2,1,0,3,2,2,0,0
sp|P0C0V0|DEGP_ECOLI,10,2,2,4,6,4,0,1,3,10,5,3,9,6,2,14,9,5,0,0,8,0,10,0,2,13,1,7,8,5,3,6,2,8,3,4,4,9,0,2,9,0,2,5,3,16,0,10,1,8,2,12,3,3,2,6,5,6,0,2,11,0,3,4,2,11,0,4,8,12,3,5,3,4,4,8,4,9,0,0,7,0,5,3,1,9,0,8,8,7,2,8,2,10,2,9,3,9,0,1
sp|P06709|BIRA_ECOLI,4,0,3,4,2,7,2,4,4,8,2,3,4,3,2,3,4,4,1,1,6,1,4,2,2,9,0,4,3,8,0,3,2,5,5,4,1,3,1,2,6,0,3,3,1,6,0,4,5,12,2,1,2,2,4,2,2,6,2,2,10,0,2,7,1,6,0,6,0,8,3,4,1,4,5,1,2,4,1,0,2,0,4,5,2,7,0,9,6,7,1,2,2,2,4,4,0,1,2,1
sp|P27302|TKT1_ECOLI,14,0,6,7,3,13,6,5,7,14,7,6,8,4,6,9,7,6,2,3,14,3,13,6,6,16,8,10,6,7,5,3,4,1,5,7,7,6,2,4,26,0,6,14,7,7,0,7,12,9,2,5,8,6,4,9,3,0,4,4,13,1,4,9,4,11,4,5,2,9,6,5,6,10,9,7,9,11,2,6,22,1,6,12,6,11,0,5,8,11,2,3,4,2,4,5,7,15,1,6
tr|Q8XDH4|Q8XDH4_ECO57,8,1,5,2,0,10,4,2,4,9,3,1,4,4,1,4,2,6,0,2,3,2,8,5,3,6,1,6,4,6,1,2,3,1,0,3,8,8,0,2,12,2,3,5,2,11,1,3,3,7,1,4,2,1,4,3,3,5,0,0,2,0,6,5,3,7,2,3,1,7,1,3,4,7,4,5,5,3,2,2,5,2,4,3,1,5,1,3,2,11,1,3,3,2,3,3,8,3,2,3
tr|D3QX74|D3QX74_ECOCB,1,0,1,1,0,0,3,3,1,4,2,1,1,3,2,1,0,1,0,1,3,1,6,1,2,2,0,1,1,2,0,0,0,0,0,1,2,2,2,0,3,1,2,2,0,1,0,3,3,3,1,1,2,1,0,0,1,1,0,1,1,0,1,1,1,4,0,3,2,3,0,2,3,1,1,0,2,0,0,1,5,0,1,1,1,2,0,0,3,4,0,1,0,1,0,1,1,2,0,0
sp|P60723|RL4_ECOLI,7,0,2,3,2,2,1,0,1,4,1,1,0,3,2,2,3,6,0,1,3,0,0,1,0,8,0,2,5,0,0,0,2,2,6,5,4,1,2,0,3,0,2,2,1,1,1,2,5,4,1,1,1,3,4,3,1,5,0,1,5,0,3,4,2,1,0,2,4,9,1,2,1,1,1,1,2,2,0,0,5,0,5,2,1,1,1,2,3,2,2,0,1,1,1,1,2,7,0,0
sp|P23256|MALY_ECOLI,8,2,8,2,8,4,3,4,2,5,3,2,2,2,4,4,5,4,4,2,7,1,4,6,2,6,2,5,3,3,3,1,3,5,2,4,6,8,2,5,4,4,5,6,0,5,3,5,4,7,4,2,5,2,3,6,3,6,4,0,13,0,5,2,2,5,1,6,3,10,1,4,4,2,3,7,3,1,1,5,8,1,3,5,1,7,0,6,4,10,1,5,4,4,6,2,2,4,2,3
sp|P0A7E9|PYRH_ECOLI,5,0,2,5,1,5,0,5,4,7,2,1,1,2,2,2,2,2,0,1,7,0,2,0,1,10,2,1,1,5,5,3,0,1,4,0,1,6,0,0,5,1,2,1,2,3,0,3,0,5,1,5,2,0,3,6,3,4,1,2,7,1,4,6,1,2,0,2,4,4,1,0,2,1,1,1,5,5,0,2,4,0,2,3,2,3,1,2,4,6,3,2,2,0,4,0,3,4,0,0
sp|P23872|AES_ECOLI,7,0,2,5,1,2,0,2,3,6,4,3,7,3,4,1,6,3,2,3,2,2,4,2,3,6,2,4,1,8,1,1,5,3,3,4,6,3,0,4,12,3,4,3,3,5,1,5,2,5,2,1,1,5,3,3,0,3,1,2,2,2,6,4,2,5,0,1,0,10,1,3,3,3,5,3,3,3,2,6,9,1,5,3,5,3,3,0,2,10,2,0,3,5,3,2,4,0,0,3
sp|P09546|PUTA_ECOLI,31,1,11,20,7,16,5,13,11,32,8,9,14,15,18,21,16,10,3,3,30,4,12,18,5,19,5,18,13,31,6,7,10,14,17,12,8,11,2,22,37,2,11,19,7,15,7,13,6,30,4,13,21,12,16,12,11,19,3,6,29,3,13,18,6,24,4,16,5,28,7,9,13,15,19,13,16,23,1,2,39,3,12,15,4,23,3,9,5,35,2,11,13,17,17,12,15,20,3,6
sp|P27278|NADR_ECOLI,6,1,2,2,5,7,3,4,9,10,2,1,3,7,2,6,5,3,0,4,4,1,7,5,5,4,3,6,4,6,3,3,4,6,6,4,3,3,3,2,5,0,3,9,4,6,1,7,4,4,3,1,6,3,4,6,6,5,1,4,9,1,7,4,6,5,3,5,6,5,0,4,1,3,2,3,5,5,1,7,2,1,6,13,5,3,0,3,1,11,3,5,1,3,8,4,1,9,1,2
sp|P68767|AMPA_ECOLI,3,2,3,10,2,8,2,8,7,13,1,3,5,6,8,8,3,7,0,2,11,2,3,7,3,6,2,4,8,8,3,7,5,3,8,4,7,6,1,3,9,1,5,7,1,12,1,6,6,7,6,3,2,6,3,11,2,8,0,5,10,3,4,7,1,10,4,5,0,12,5,5,5,2,5,1,8,12,0,2,15,1,4,7,5,13,1,4,3,10,1,5,3,4,8,5,4,1,3,2
sp|P69786|PTGCB_ECOLI,15,0,1,1,6,10,1,5,4,10,6,6,4,1,0,7,2,15,1,1,13,0,1,3,8,9,2,11,3,9,1,2,7,3,3,6,3,6,2,4,13,1,2,3,7,13,4,9,4,5,4,3,6,3,3,3,2,5,2,4,6,1,3,2,9,8,2,15,3,14,2,1,5,0,2,7,6,5,1,4,14,1,7,6,2,10,1,4,7,6,2,4,1,2,4,5,7,9,0,1
sp|P68187|MALK_ECOLI,4,1,4,6,3,8,1,5,4,6,3,3,3,2,3,5,5,8,1,0,9,0,1,3,2,7,2,2,5,10,2,3,2,6,5,4,1,9,0,2,6,0,5,5,1,3,3,4,3,11,3,1,4,3,6,3,3,8,0,3,6,0,5,3,3,4,1,5,2,7,3,3,7,5,4,4,2,10,1,0,3,2,2,9,2,6,3,5,1,6,0,3,4,6,6,1,3,8,0,1
sp|P76014|DHAL_ECOLI,1,1,4,3,1,4,1,3,0,5,2,2,0,1,3,4,4,1,1,1,3,0,2,1,3,6,0,3,4,5,1,2,2,0,1,4,2,3,0,0,6,0,2,3,3,5,0,2,1,3,1,0,1,4,4,2,3,1,0,1,6,1,2,4,0,0,0,1,1,3,1,1,2,3,1,8,1,6,1,0,6,0,1,2,1,4,1,2,2,3,5,0,1,3,3,3,3,1,0,1
sp|P00957|SYA_ECOLI,13,1,12,12,14,12,7,7,10,12,4,9,5,6,10,12,10,9,5,6,12,3,13,9,7,18,5,14,6,13,6,8,10,5,13,8,7,12,2,5,22,1,15,20,10,17,1,3,9,15,2,5,2,9,10,6,9,14,0,6,22,1,10,13,5,17,7,12,8,15,5,6,2,5,15,10,9,13,0,1,22,0,11,10,0,16,2,5,14,21,4,5,3,10,7,14,7,20,1,0
sp|P0A7L0|RL1_ECOLI,7,0,3,4,1,0,0,3,6,4,2,2,0,1,3,1,3,6,0,1,10,0,2,2,1,6,1,1,2,3,0,2,1,2,4,2,3,5,0,0,3,0,4,2,1,6,0,2,3,4,4,2,4,3,2,1,0,6,0,0,5,0,4,2,1,4,1,3,6,1,0,5,1,1,2,0,4,6,0,1,8,0,1,1,0,4,0,2,6,5,1,1,1,2,0,4,3,6,0,1
sp|P0A7V8|RS4_ECOLI,3,1,2,2,1,5,1,2,5,5,1,0,2,2,4,2,2,1,0,1,3,0,1,3,1,3,0,1,5,4,0,1,1,3,8,1,0,3,0,4,5,0,1,3,1,4,1,1,1,6,2,4,0,1,4,1,2,4,0,1,5,0,1,4,0,1,0,2,5,2,0,2,2,3,4,4,0,6,0,1,2,0,3,5,1,2,1,2,4,4,1,1,1,0,2,3,2,2,1,1
sp|P0A7W7|RS8_ECOLI,5,0,2,0,0,1,0,2,1,1,3,2,1,2,2,1,2,1,0,0,2,0,1,4,2,1,0,2,4,2,1,1,1,0,0,2,0,3,0,0,1,0,1,3,1,2,0,1,3,3,0,0,1,2,1,1,2,3,0,1,2,0,1,1,0,3,0,2,3,3,1,0,2,0,3,1,0,3,0,1,4,1,1,1,0,4,0,2,1,1,1,0,0,1,2,2,2,2,0,1
sp|P07017|MCP2_ECOLI,8,0,3,3,5,3,3,4,6,16,7,5,0,9,7,15,6,9,1,1,14,0,7,5,3,5,0,6,4,14,4,5,4,6,5,3,7,7,2,10,18,0,7,8,0,7,3,7,1,8,3,5,0,9,7,12,11,4,0,1,18,0,6,8,2,10,2,10,6,5,2,5,0,4,5,9,5,14,0,0,20,0,5,9,2,2,0,4,1,7,2,4,8,11,8,11,7,7,1,0
sp|P0ADY3|RL14_ECOLI,2,1,1,1,0,1,0,2,1,2,3,2,0,2,2,1,1,3,0,0,2,0,1,1,0,5,1,5,2,0,0,0,1,0,3,1,1,1,0,1,1,0,2,0,0,3,0,0,6,1,0,0,1,0,3,1,1,6,0,0,1,1,1,1,2,2,0,3,0,2,0,4,1,1,2,1,1,2,0,0,1,0,0,3,1,1,0,2,2,3,1,0,2,0,2,2,1,2,0,0
sp|P0A7J3|RL10_ECOLI,7,0,2,2,0,2,0,1,2,3,1,1,0,2,1,3,0,6,0,0,3,0,1,3,0,3,0,0,2,3,2,1,0,0,6,0,3,5,0,1,5,1,1,3,4,2,1,1,2,3,1,0,3,0,1,1,2,1,0,1,8,0,1,3,2,1,0,2,3,3,0,1,2,1,1,1,2,1,0,1,10,0,1,4,0,1,0,1,3,3,2,0,0,0,3,1,2,2,0,0
sp|P02359|RS7_ECOLI,1,0,2,1,2,3,0,3,5,4,2,1,3,1,4,1,0,3,0,0,5,0,0,6,1,1,0,1,1,4,0,1,1,1,2,5,3,3,0,1,4,0,0,3,0,2,0,1,1,1,1,1,2,1,6,2,1,8,1,1,5,0,3,3,0,2,1,0,5,3,2,2,0,0,5,2,1,2,0,0,7,0,0,1,2,2,2,0,2,4,0,2,1,2,2,5,0,0,1,2
sp|P24228|DACB_ECOLI,14,1,3,3,5,6,1,7,3,9,3,4,4,7,3,6,8,7,0,2,11,2,9,0,5,6,1,6,6,6,3,5,7,3,5,7,4,7,2,1,10,2,4,5,3,8,0,2,2,11,1,2,7,7,5,6,8,8,1,4,10,0,7,1,2,7,4,9,4,9,5,5,3,7,6,6,4,5,1,1,9,0,4,2,4,10,1,4,3,9,2,5,3,7,7,7,3,6,0,7
sp|P0A9Q7|ADHE_ECOLI,29,2,10,11,6,8,2,19,13,10,3,8,8,5,6,10,12,12,1,4,24,1,10,13,5,15,4,11,13,13,4,6,8,4,4,10,8,21,0,5,15,2,8,8,8,17,4,12,13,17,3,10,8,5,8,12,11,11,2,5,26,1,11,10,7,12,5,9,11,14,10,3,9,3,5,10,11,14,1,7,27,3,11,12,5,10,5,9,15,18,1,7,8,7,9,8,7,5,1,7
sp|P31658|HCHA_ECOLI,4,0,6,2,2,2,1,3,4,3,1,2,5,3,1,6,3,5,0,4,4,0,2,6,4,4,4,2,3,7,2,2,4,0,1,2,5,1,1,3,9,0,3,3,4,4,2,2,4,6,1,2,4,2,1,4,0,5,0,1,7,2,4,1,3,5,3,4,2,5,1,3,5,2,2,2,2,1,1,2,8,0,4,3,2,6,1,3,5,6,3,3,1,1,2,1,2,1,1,2
sp|P0DOB5|PFKA_LACLA,9,0,3,2,2,12,1,7,3,3,3,2,2,0,4,4,3,6,0,2,5,0,4,5,4,12,2,5,2,4,1,1,3,3,2,2,4,6,0,3,8,1,7,4,4,5,1,6,3,2,1,6,1,0,3,4,4,8,0,0,7,0,2,5,1,10,3,4,6,5,2,2,1,1,6,3,3,5,0,2,5,0,1,8,1,9,1,4,2,12,0,8,2,0,3,3,3,5,0,1
sp|Q07637|KPYK_LACLA,11,0,4,11,6,12,4,5,7,6,3,4,3,1,6,5,4,7,1,1,10,0,10,6,4,12,0,9,8,9,0,4,4,4,3,3,7,8,0,0,8,1,6,9,4,9,1,15,6,5,3,6,4,5,5,3,2,8,0,1,12,0,5,8,1,4,1,3,6,5,6,7,3,1,6,8,11,10,0,4,8,0,5,7,2,8,1,10,5,6,4,5,4,0,6,6,10,10,1,0
tr|K1MKZ7|K1MKZ7_9LACO,8,1,7,6,4,8,1,6,7,8,3,5,1,4,3,7,3,4,1,2,6,1,5,6,6,7,0,6,10,6,1,5,2,0,3,8,6,5,1,5,14,0,9,6,1,8,0,4,5,8,1,1,3,2,4,4,6,6,0,7,1,1,5,10,4,8,2,4,6,10,2,7,4,5,4,6,3,3,1,3,7,0,5,4,4,9,3,5,3,9,3,8,5,2,3,2,3,7,0,7
tr|D5GYN9|D5GYN9_LACCS,3,0,10,9,5,6,1,4,6,7,2,2,3,3,4,6,6,8,2,2,4,2,10,9,7,8,3,4,4,6,3,4,3,0,6,3,7,4,1,1,9,1,7,6,9,10,4,2,6,3,5,5,1,5,4,2,4,5,0,1,14,1,1,4,2,5,2,7,2,11,1,7,7,0,6,5,6,3,1,4,3,0,4,12,3,3,4,6,10,7,5,4,4,3,3,8,3,2,3,2
sp|P37887|CYSK_BACSU,6,0,3,6,0,4,0,5,5,7,3,5,2,0,3,4,2,5,0,2,9,0,1,4,0,8,0,4,4,7,5,3,3,0,3,2,5,3,0,1,5,0,3,6,4,9,2,5,4,2,0,3,3,5,1,1,5,3,0,1,4,0,3,7,2,7,1,6,5,3,0,2,7,1,0,4,1,6,0,3,10,0,1,4,2,7,0,5,5,6,0,1,2,2,4,4,1,2,0,4
sp|P39633|DHE2_BACSU,4,0,4,6,3,7,1,3,9,7,5,3,4,4,5,5,5,7,0,3,5,2,4,7,1,9,1,8,4,5,5,3,6,2,4,5,4,5,2,3,9,1,3,4,5,13,1,9,7,5,1,3,2,4,4,5,4,4,0,1,8,1,8,5,2,4,1,9,4,9,1,8,4,2,2,3,7,5,0,2,9,0,2,7,3,6,1,3,3,5,3,2,1,3,5,8,5,10,3,5
sp|P41007|PYRR_BACCL,4,1,2,3,0,2,1,5,2,2,2,1,0,2,4,0,1,4,0,0,3,0,1,4,0,4,0,5,1,4,0,0,1,1,5,1,2,2,0,2,0,0,6,2,2,1,1,1,2,4,0,2,3,0,1,0,4,7,0,0,5,0,3,1,0,3,1,2,0,4,2,0,2,1,6,0,2,4,0,0,1,0,3,4,1,2,1,3,2,2,0,1,1,1,2,4,1,6,0,0
tr|Q6HEJ4|Q6HEJ4_BACHK,4,0,7,12,5,8,1,6,8,7,1,3,5,1,0,1,2,13,1,1,19,0,6,10,1,7,2,4,8,0,1,4,5,1,4,2,3,8,0,1,17,0,3,8,1,3,3,4,11,4,3,1,7,1,3,2,6,7,0,2,10,0,7,5,2,5,2,5,7,8,2,4,3,1,4,6,5,7,0,3,10,1,3,4,2,7,2,9,4,10,1,5,5,4,3,3,4,7,1,0
sp|Q9KK62|CBH_BIFLN,4,1,5,2,4,10,1,2,2,2,2,3,2,0,4,3,5,7,1,4,6,1,3,8,6,4,2,1,0,5,1,5,4,0,2,2,4,7,1,2,1,1,6,3,3,4,5,3,1,4,4,4,2,5,2,4,2,8,1,1,8,0,2,3,2,7,3,1,1,3,2,3,4,2,3,7,4,5,2,2,5,0,7,2,2,4,0,2,2,2,6,2,1,2,3,7,5,3,0,6
tr|C2GUH0|C2GUH0_BIFLN,6,0,9,8,9,5,2,5,7,6,3,2,4,4,2,8,6,9,0,1,8,0,8,9,8,6,0,4,6,2,1,4,9,2,5,7,4,8,1,4,10,1,9,4,2,8,7,4,7,8,4,4,3,6,3,2,5,5,1,3,13,1,3,3,6,6,2,5,3,10,0,5,8,1,7,11,2,4,1,5,7,0,11,12,3,5,4,7,3,13,2,1,8,2,2,3,4,3,1,3
tr|A0A0E2ZJV3|A0A0E2ZJV3_FRATU,13,0,2,4,2,5,3,3,2,9,2,4,2,3,4,4,0,7,0,2,3,3,5,4,1,6,4,2,3,2,4,2,4,3,1,9,4,8,0,3,8,1,6,6,2,10,1,3,3,8,1,0,3,2,2,4,7,3,0,1,5,0,4,6,0,5,3,8,4,3,3,2,3,1,4,4,4,8,1,3,12,1,2,7,4,4,0,6,5,3,3,2,4,1,5,5,1,2,0,3
sp|P13299|TEV1_BPT4,1,1,2,2,3,3,2,3,9,3,1,3,0,2,3,5,1,2,1,2,2,1,3,7,3,3,1,7,4,3,0,6,1,0,1,2,1,1,1,2,2,1,1,4,0,4,1,2,9,4,1,2,4,0,3,4,4,1,1,1,1,4,1,2,3,3,3,3,8,0,1,4,0,1,3,7,3,1,0,1,5,2,4,0,3,2,1,5,7,1,0,3,1,0,2,5,1,3,2,2
sp|P9WK17|MASZ_MYCTU,16,0,16,6,5,8,1,9,2,15,2,8,9,6,10,4,11,13,3,5,15,0,15,7,5,17,2,8,8,13,1,5,6,4,4,10,11,13,1,4,12,2,10,7,7,15,3,10,7,14,6,8,6,2,9,6,11,12,0,2,24,0,8,9,3,12,5,7,6,11,7,2,7,7,8,5,12,10,4,2,20,2,13,7,3,8,3,7,3,12,3,6,8,7,15,9,3,11,2,3
sp|P9WPW9|MURI_MYCTU,4,0,5,2,1,8,1,5,0,4,1,2,6,1,2,2,3,6,0,2,11,2,3,2,0,3,0,3,1,5,0,1,2,1,7,3,1,9,0,1,8,1,3,2,3,6,1,4,0,2,0,1,1,2,6,2,6,6,0,1,5,1,1,6,0,4,1,1,1,10,1,1,2,3,2,3,4,7,0,2,6,0,3,3,3,4,3,3,1,5,0,0,7,1,4,1,4,3,0,0
sp|P9WQN9|A85C_MYCTU,10,0,1,2,4,8,0,2,0,7,3,0,5,2,7,4,5,6,0,2,3,0,5,2,3,9,1,2,1,4,1,4,4,8,1,6,2,4,2,6,9,0,0,3,3,7,0,1,2,7,2,3,5,3,1,7,4,2,4,5,5,1,5,0,1,8,0,4,2,4,3,8,7,1,3,5,3,3,3,2,11,0,3,2,3,6,2,1,1,5,1,6,7,3,3,1,6,3,2,2
tr|A0A0H3L8I8|A0A0H3L8I8_MYCTE,18,1,15,12,7,12,4,13,8,14,4,11,11,7,10,7,8,17,2,7,17,1,8,16,7,21,4,8,5,15,6,4,13,6,8,7,14,21,2,5,17,3,14,12,5,15,6,6,8,14,1,10,12,4,5,16,13,18,2,7,16,0,17,6,9,16,2,8,8,11,4,13,15,6,12,11,12,12,3,7,15,1,13,8,8,24,3,14,7,15,2,7,7,8,11,10,11,14,1,7
tr|A0A0E0UUG2|A0A0E0UUG2_LISMM,10,2,7,14,8,5,2,14,9,7,4,4,3,6,6,8,11,4,2,2,10,1,6,15,5,7,7,8,13,10,2,9,1,4,8,4,2,8,1,7,10,0,4,13,8,2,6,12,8,11,7,6,6,5,3,8,6,4,1,8,10,1,7,12,6,7,1,12,6,15,2,4,6,4,6,7,6,9,1,6,12,0,15,8,8,2,2,11,3,13,2,12,1,3,7,4,7,7,1,7
sp|O33983|AMI_LISMG,17,0,7,10,9,15,4,13,14,6,3,13,7,9,5,12,16,15,1,8,14,0,8,7,7,14,3,9,15,10,2,14,5,4,6,15,19,12,5,15,16,0,9,8,3,14,2,10,15,13,2,7,7,8,8,13,19,11,5,14,13,0,6,8,4,16,1,9,15,16,1,5,7,9,10,15,22,10,5,12,15,0,6,7,3,13,1,8,21,14,2,8,4,5,8,15,22,11,7,11
sp|P44324|ASPA_HAEIN,11,2,6,7,4,6,1,8,5,7,4,4,3,2,4,3,7,9,1,1,8,0,6,4,3,7,3,7,8,6,3,11,3,3,1,6,4,7,0,5,12,2,2,9,2,9,2,2,3,13,2,4,3,4,3,1,9,11,0,2,7,2,3,6,3,6,0,6,6,10,3,6,6,5,3,7,4,12,0,0,3,4,5,7,2,8,2,7,8,11,1,10,2,2,2,2,6,10,0,3
sp|P53647|SODM_MYCPA,4,0,4,3,0,2,5,3,2,3,1,2,2,1,0,1,3,2,1,3,7,0,1,4,2,2,4,2,3,6,0,5,0,0,1,2,0,1,2,0,9,0,5,1,4,7,0,1,2,2,0,1,2,2,1,3,1,0,1,0,2,0,3,1,2,3,1,2,0,8,1,1,2,4,1,1,2,4,1,3,7,0,2,0,2,2,0,1,5,1,0,3,0,3,1,1,1,5,2,3
tr|C4XEI3|C4XEI3_MYCFP,7,0,4,6,1,11,2,4,9,7,4,4,3,2,5,6,5,7,2,3,13,0,5,3,3,8,2,5,5,9,6,5,4,3,3,4,5,7,0,2,15,1,6,6,3,7,3,4,13,7,2,2,2,3,1,5,2,6,0,4,9,0,6,8,2,6,2,10,10,8,3,3,3,2,1,1,9,3,1,5,11,1,6,9,2,7,1,8,5,7,3,5,0,3,5,5,8,4,0,2
sp|P75391|ODPB_MYCPN,9,1,4,6,2,7,0,3,4,5,3,4,2,3,3,1,2,4,1,2,7,1,0,2,5,10,3,9,2,2,3,1,4,2,5,3,2,4,0,1,6,0,3,5,4,4,0,4,4,5,1,1,7,3,2,3,4,5,0,5,1,0,4,3,2,6,0,6,5,8,2,5,2,1,2,4,6,6,1,2,8,0,1,6,3,3,1,4,3,7,0,3,2,3,3,3,5,5,1,2
tr|Q4A9M4|Q4A9M4_MYCHJ,5,0,4,6,7,3,1,10,10,7,3,7,5,3,5,8,3,0,0,5,7,0,5,4,3,0,0,9,8,8,3,9,4,4,6,8,1,6,0,7,9,1,5,3,3,11,0,8,6,9,5,7,2,2,2,6,4,4,0,5,13,0,5,7,3,6,0,10,4,7,1,8,2,1,5,3,9,5,2,1,12,0,6,6,6,4,2,5,7,7,3,5,3,3,3,7,4,6,1,1
sp|A9M296|DNAK_NEIM0,18,1,5,12,2,10,1,12,12,7,3,7,5,5,5,6,7,8,1,2,12,0,17,8,7,13,0,12,10,9,2,5,2,6,5,2,7,8,0,4,16,1,8,11,3,11,1,9,11,11,3,2,6,6,7,7,6,9,0,1,11,0,7,9,3,12,2,11,7,11,4,6,5,7,4,11,11,8,0,0,27,0,15,18,1,5,1,3,18,8,1,3,0,6,1,6,3,8,0,2
tr|A0A125WDU3|A0A125WDU3_NEIME,1,1,2,1,2,2,0,0,1,2,2,1,2,0,1,1,3,1,0,2,2,1,1,2,2,3,1,1,1,1,0,1,0,2,1,1,1,3,0,1,1,1,3,2,3,1,0,1,3,3,0,0,0,2,1,1,1,2,0,0,0,0,0,3,1,4,0,1,4,4,1,1,0,0,1,2,1,1,0,1,2,0,0,3,0,1,2,0,2,2,0,0,0,1,2,1,2,3,1,0
tr|Q1J8I3|Q1J8I3_STRPF,2,0,4,3,4,7,1,7,3,6,4,4,1,2,7,1,5,7,0,1,9,0,4,8,4,8,2,4,8,2,0,5,2,0,1,1,3,7,1,0,6,2,6,1,2,8,4,5,2,6,3,3,2,2,2,2,9,3,0,1,13,0,3,3,0,6,0,4,4,5,1,5,4,1,3,4,4,9,0,0,4,0,6,4,3,4,0,3,4,4,2,2,1,3,1,8,5,9,1,5
tr|E6IYJ0|E6IYJ0_STRAP,3,0,1,4,1,7,2,5,3,4,2,1,1,1,4,1,5,0,1,1,1,1,2,3,4,6,0,4,2,4,1,0,1,1,4,4,6,1,1,1,4,0,6,4,2,6,1,1,2,6,0,0,2,1,1,1,2,5,1,2,6,1,2,3,2,6,1,5,1,4,1,1,1,1,1,4,3,3,1,0,2,0,1,3,1,6,0,3,3,3,1,3,1,4,1,2,2,5,0,2
tr|E6J203|E6J203_STRAP,9,0,2,4,2,2,0,2,5,4,2,3,4,0,1,4,2,4,1,0,7,0,3,4,2,5,1,1,3,4,1,3,1,1,2,4,2,4,0,3,7,2,2,6,3,4,2,4,4,4,0,2,1,1,1,2,2,3,0,1,9,1,4,3,1,4,0,3,3,2,1,0,1,4,1,3,3,6,1,1,6,1,4,3,2,5,0,0,3,5,1,2,2,1,1,3,0,7,0,2
tr|Q8DNW9|Q8DNW9_STRR6,11,0,14,14,11,7,1,5,7,13,2,3,7,6,4,2,8,6,2,3,12,0,11,16,6,1,2,5,8,16,1,3,7,2,6,9,4,7,3,7,15,1,5,11,3,3,1,5,14,15,1,3,5,5,4,10,6,10,3,6,15,0,6,9,6,7,5,7,7,7,2,9,7,4,2,10,3,7,5,8,14,0,11,10,10,9,1,6,9,6,3,5,4,4,7,5,5,10,3,4
sp|P0A4S2|ALF_STRR6,12,0,1,3,2,6,0,3,4,3,3,4,1,3,2,2,3,4,1,2,4,1,3,6,1,4,4,5,2,7,2,3,2,0,1,3,2,6,0,3,9,0,3,9,1,10,1,8,5,2,1,1,1,0,0,1,2,5,0,0,4,1,3,4,1,7,3,4,3,7,0,3,5,4,0,1,2,5,1,1,10,0,5,6,5,3,0,3,7,2,0,2,1,1,4,2,1,3,0,2
sp|A8AUR6|EFG_STRGC,10,0,7,12,3,10,5,11,6,5,5,5,3,8,9,6,17,11,3,3,13,1,12,17,5,8,2,13,8,16,4,5,4,5,4,3,6,7,0,6,12,0,9,12,5,9,1,12,9,10,3,4,10,4,7,10,10,9,0,3,10,0,6,17,10,17,1,4,7,7,4,5,5,6,9,5,7,16,1,2,16,0,8,11,4,10,5,6,9,8,7,2,6,4,6,8,7,15,0,5
sp|A8AWA0|EFTU_STRGC,8,0,4,7,0,4,5,6,6,3,1,3,4,1,6,4,9,5,0,4,7,0,8,6,1,5,4,6,3,9,5,2,3,3,3,2,3,9,0,1,3,0,11,7,2,7,0,7,3,8,2,1,6,1,4,5,4,6,0,3,3,0,4,11,2,9,1,9,8,5,1,3,2,4,4,1,3,9,0,1,3,0,2,8,5,10,2,6,0,2,3,3,5,2,5,3,10,7,0,2
tr|A0A0H2UNG6|A0A0H2UNG6_STRPN,8,1,5,6,3,7,2,6,6,6,5,6,5,2,5,5,5,9,0,3,7,1,5,9,2,16,2,9,6,5,2,5,5,1,2,4,4,6,0,4,6,0,11,9,1,9,1,8,4,13,3,2,2,4,1,8,5,2,2,4,11,1,4,6,7,3,1,10,8,6,0,4,3,4,7,8,2,4,2,4,14,0,10,3,5,3,2,3,4,8,0,3,3,6,5,4,5,6,1,9
tr|Q8E4T9|Q8E4T9_STRA3,29,0,18,19,2,12,5,7,23,15,4,7,14,11,6,14,23,13,2,6,31,0,23,7,9,16,1,13,23,15,3,14,12,7,7,11,15,13,0,10,25,0,16,8,7,12,3,7,23,19,6,9,11,12,4,23,17,16,2,10,16,0,19,17,10,18,5,12,19,12,1,16,7,8,9,16,16,13,3,13,13,0,18,19,7,11,3,5,24,16,5,6,18,10,10,15,34,10,0,6
sp|Q2YVT4|SLE1_STAAB,11,0,0,1,1,3,1,8,6,4,1,6,2,3,0,7,6,5,1,1,2,0,1,0,2,8,0,3,4,6,1,7,2,3,2,13,5,3,0,5,5,0,1,0,2,8,0,3,4,5,1,6,2,3,1,14,5,2,0,5,9,1,2,1,2,5,2,2,1,1,0,10,1,2,3,6,9,2,4,4,4,0,3,2,1,6,2,5,0,2,2,6,3,2,4,4,5,8,0,8
tr|Q9AIS0|Q9AIS0_9STAP,21,0,24,21,4,3,3,3,23,9,2,40,4,30,0,38,34,15,0,5,18,0,14,11,7,16,8,13,19,8,4,27,15,11,9,29,28,15,3,24,14,0,13,3,3,22,1,6,35,13,0,25,10,15,1,31,32,29,5,21,24,0,9,2,4,18,0,13,29,14,0,28,6,19,8,29,34,18,4,20,25,0,14,11,7,28,5,19,31,16,2,19,8,15,3,15,18,17,6,20
sp|Q9K498|EIZFM_STRCO,11,0,4,6,1,10,3,2,2,11,2,3,12,1,6,2,5,8,2,2,13,2,3,9,2,7,2,3,2,9,2,1,5,4,12,3,5,6,1,2,9,0,9,6,2,6,2,6,2,14,2,3,7,3,8,2,4,6,0,2,13,0,6,7,1,6,3,7,1,7,2,1,5,2,11,3,4,9,2,3,11,1,7,3,4,3,2,2,6,8,2,3,8,2,8,5,4,6,1,3
sp|P0AAI4|FTSH_SHIFL,4,0,5,7,7,9,0,9,8,14,5,9,7,6,6,9,5,13,3,3,15,2,7,11,9,14,0,8,12,7,5,0,6,3,6,6,6,11,0,1,14,0,9,9,5,15,2,7,3,12,4,6,7,5,13,2,3,13,0,0,13,0,4,11,3,12,5,10,7,9,5,3,6,4,8,9,8,8,1,3,13,0,12,12,1,8,2,6,7,9,6,8,10,4,10,6,5,5,1,3
sp|P54066|RL7A_METJA,4,0,1,3,1,0,0,1,4,2,1,0,1,1,0,0,0,4,0,1,3,0,0,2,0,2,0,4,5,1,0,1,0,1,1,0,1,3,0,0,2,1,1,5,0,1,1,1,2,2,0,0,3,0,0,0,0,3,0,2,7,0,1,1,0,2,0,1,2,2,0,0,0,1,0,3,0,3,0,1,1,0,1,4,0,1,0,2,3,3,0,2,0,1,0,0,0,3,0,0
sp|Q57872|DCDB_METJA,0,1,6,1,3,2,0,7,4,2,1,1,2,0,1,3,2,3,0,2,0,1,3,4,1,0,0,5,5,5,0,5,1,0,1,2,1,2,0,5,1,0,2,4,0,5,0,2,2,3,0,3,1,2,2,3,2,5,0,4,3,0,2,1,3,4,1,5,4,4,0,1,1,3,1,1,3,2,1,1,2,0,3,1,1,1,2,2,6,4,1,1,2,1,1,6,1,2,0,3
sp|B1YAL1|FBPAP_PYRNV,7,0,6,5,3,7,5,6,8,5,3,2,2,1,2,2,4,8,1,3,10,0,6,6,7,7,0,5,5,6,3,2,7,3,3,2,4,2,0,2,7,0,5,5,3,7,2,5,4,10,1,1,3,0,7,4,3,9,0,4,8,0,3,5,4,12,5,3,2,8,3,0,8,2,5,3,1,6,1,1,9,0,7,7,3,2,2,4,8,3,2,0,8,5,5,1,2,5,0,6
sp|Q9HI69|GLFT_THEAC,5,2,8,3,2,1,1,4,2,2,2,4,2,0,6,6,2,9,0,0,8,1,5,5,3,6,2,5,3,4,2,0,4,1,5,0,2,5,0,0,9,0,4,5,3,4,0,5,6,4,0,2,3,3,4,3,0,2,1,3,6,0,2,1,3,3,0,5,7,5,3,7,1,1,3,4,4,3,0,3,6,0,2,9,1,4,0,3,3,8,2,3,2,2,3,1,0,6,0,4
tr|Q5JFD7|Q5JFD7_THEKO,4,0,6,10,4,9,1,5,9,7,3,5,6,3,6,2,6,7,1,5,8,0,3,11,4,15,0,4,6,10,1,4,5,1,5,0,3,14,2,3,9,0,6,12,4,8,0,8,4,5,3,7,4,1,7,0,3,14,3,1,8,1,6,10,2,9,2,10,5,7,2,2,7,1,8,3,1,5,0,10,4,4,8,1,4,10,1,6,7,10,4,4,5,4,7,3,3,11,0,0
tr|Q5JFG7|Q5JFG7_THEKO,3,1,1,9,3,9,1,8,6,3,2,2,2,3,6,4,6,7,1,1,5,0,4,9,6,4,1,5,4,6,0,3,6,3,2,5,6,5,1,3,10,0,1,7,3,6,2,10,9,4,1,4,2,1,2,1,7,5,1,2,3,0,1,5,3,9,2,7,4,7,1,1,5,2,4,4,6,4,1,9,10,0,5,5,3,8,1,4,5,5,4,1,5,1,3,3,3,2,2,4
tr|Q7LX99|Q7LX99_SACS2,6,0,12,9,7,12,1,8,9,14,1,10,11,4,8,6,4,9,3,10,2,2,10,10,9,11,3,11,11,13,3,6,7,3,4,7,8,14,2,8,9,0,9,5,8,11,4,6,3,15,4,10,6,8,9,6,8,8,5,10,6,3,9,10,6,12,2,7,6,11,3,20,5,7,7,9,8,5,3,5,5,0,5,18,10,8,1,12,12,13,4,5,6,3,11,6,5,10,2,6
tr|B9VJ59|B9VJ59_9MONO,9,1,3,4,4,6,1,12,4,14,4,8,5,7,4,9,11,11,0,0,4,5,4,1,6,5,5,12,7,6,3,11,7,4,3,12,11,5,1,5,6,4,5,5,5,11,0,4,4,11,1,7,10,2,4,12,10,8,1,7,4,3,2,5,6,7,0,5,0,12,2,8,6,8,8,17,6,7,4,7,7,4,3,2,5,7,1,5,0,13,1,8,7,4,3,9,16,10,1,8
